subject,session_id,status,started_datetime,completed_date_time,time_taken,age,num_approvals,num_rejections,prolific_score,reviewed_at_datetime,entered_code,Country of Birth,Current Country of Residence,Employment Status,First Language,Nationality,Sex,Student Status
284,5fdc972d0f62f41d1c65753f,APPROVED,49:01:00,09:46.7,1244.848,23,3,0,100,08:43:00,30C8DBAC,China,United Kingdom,DATA EXPIRED,Chinese,China,Female,DATA EXPIRED
212,5fe7354946872e52c307990e,APPROVED,06:17:00,21:40.5,923.355,24,268,0,100,08:45:00,30C8DBAC,Italy,Italy,DATA EXPIRED,Italian,Italy,Male,Yes
234,5fe7370343c5785a09b16e8e,APPROVED,13:41:00,29:55.8,974.228,21,85,0,100,08:48:00,30C8DBAC,Portugal,Portugal,Other,Portuguese,Portugal,Male,Yes
272,5fe7479bbb7b290bba24d7da,APPROVED,24:32:00,46:13.2,1301.127,20,27,0,100,08:52:00,30C8DBAC,Italy,Italy,DATA EXPIRED,Italian,Italy,Male,DATA EXPIRED
20,5fe74f7d04a1df592e29cdf0,APPROVED,58:10:00,21:46.0,1415.963,47,428,1,100,08:56:00,30C8DBAC,Spain,Spain,Full-Time,Spanish,Spain,Male,No
214,5fe75e496a36575d1d829b69,APPROVED,01:13:00,17:52.9,999.027,24,98,3,97,09:00:00,30C8DBAC,Portugal,Portugal,Part-Time,Portuguese,Portugal,Male,Yes
243,5fe7a2c6cfa055e3d47938d5,APPROVED,53:26:00,10:18.6,1011.838,NA,15,0,100,09:04:00,30C8DBAC,NA,NA,NA,NA,NA,NA,NA
76,600da08394c55c59a36aa586,APPROVED,30:40:00,13:34.9,2573.958,23,262,0,100,40:36:00,30C8DBAC,South Africa,South Africa,DATA EXPIRED,DATA EXPIRED,South Africa,Male,No
80,6010156ad2ec5f27da13ec38,APPROVED,13:14:00,31:52.2,1118.228,20,37,0,100,57:24:00,30C8DBAC,Poland,Poland,Unemployed (and job seeking),Polish,Poland,Male,No
187,6010178fa0d12127e9f7dba7,APPROVED,22:23:00,54:19.4,1916.148,31,415,3,99,34:32:00,30C8DBAC,India,United Kingdom,Full-Time,Malayalam,India,Male,No
148,601017b96e566e2709df720f,APPROVED,23:05:00,50:43.9,1658.897,22,186,2,100,13:17:00,30C8DBAC,Poland,Poland,Due to start a new job within the next month,Polish,Poland,Male,Yes
224,60101a51d85f0f28ec3fd0d1,APPROVED,34:09:00,49:48.1,938.414,32,199,1,100,34:35:00,30C8DBAC,Portugal,Portugal,Full-Time,Portuguese,Portugal,Female,No
87,60101d5d210e4c294548a893,APPROVED,47:09:00,04:17.2,1027.295,24,302,0,100,13:26:00,30C8DBAC,Greece,Greece,Full-Time,Greek,Greece,Female,No
263,60101da55a28f60444497316,APPROVED,48:21:00,11:20.2,1378.528,20,230,3,99,34:38:00,30C8DBAC,United Kingdom,United Kingdom,DATA EXPIRED,English,United Kingdom,Male,DATA EXPIRED
90,60101e347f2ddf28dc1a0b9e,APPROVED,50:44:00,10:09.0,1164.917,26,164,0,100,57:27:00,30C8DBAC,Poland,Poland,DATA EXPIRED,Polish,Poland,Female,No
138,60101e34fd32ee2867be5a0e,APPROVED,50:44:00,07:08.4,983.954,20,199,3,99,34:41:00,30C8DBAC,Portugal,Portugal,Part-Time,Portuguese,Portugal,Male,Yes
122,60101ec86e566e28f0c90ec0,APPROVED,53:12:00,08:32.7,920.012,NA,173,2,100,57:30:00,30C8DBAC,NA,NA,NA,NA,NA,NA,NA
204,60101f89c65133284c72c6e7,APPROVED,56:25:00,13:05.4,999.803,25,161,1,100,34:44:00,30C8DBAC,Poland,Poland,Full-Time,Polish,Poland,Male,No
202,60101f8f9bc35a2935cc0d0f,APPROVED,56:31:00,13:12.1,1000.854,22,160,2,100,34:47:00,30C8DBAC,Poland,Poland,Unemployed (and job seeking),Polish,Poland,Male,Yes
123,6010206c201b2028f4a71af7,APPROVED,00:12:00,30:32.8,1820.374,23,224,1,100,34:50:00,30C8DBAC,Greece,Greece,Full-Time,Greek,Greece,Female,Yes
125,601022c800317529e99d1b01,APPROVED,10:16:00,25:41.2,924.474,24,103,0,100,57:33:00,30C8DBAC,Portugal,Portugal,DATA EXPIRED,Portuguese,Portugal,Male,DATA EXPIRED
200,60102409abe08e2b1a31fe5b,APPROVED,15:37:00,32:34.0,1016.322,NA,138,0,100,34:55:00,30C8DBAC,NA,NA,NA,NA,NA,NA,NA
18,60102d0e0410bb2c2774080f,APPROVED,54:06:00,14:18.1,1211.511,31,483,0,100,34:57:00,30C8DBAC,Portugal,Portugal,Full-Time,Portuguese,Portugal,Female,No
96,601034a94d81c32ce7455c91,APPROVED,26:33:00,42:53.5,979.656,26,220,1,100,13:29:00,30C8DBAC,Italy,Italy,DATA EXPIRED,Italian,Italy,Female,No
177,60103654e5ae762dbe721064,APPROVED,33:40:00,51:43.4,1082.574,58,592,3,100,13:31:00,30C8DBAC,United Kingdom,United Kingdom,Unemployed (and job seeking),English,United Kingdom,Male,No
254,601040c7775efe307603a1f8,APPROVED,18:15:00,38:30.0,1214.734,23,167,0,100,57:36:00,30C8DBAC,Hungary,Hungary,Part-Time,Hungarian,Hungary,Male,Yes
84,60104459c513db2fda1da5a4,APPROVED,33:29:00,51:32.5,1082.636,31,48,0,100,35:01:00,30C8DBAC,Portugal,Spain,DATA EXPIRED,Portuguese,Portugal,Male,DATA EXPIRED
53,60104edd549c6a32f63b17d4,APPROVED,18:20:00,35:11.6,1010.716,26,229,2,100,35:05:00,30C8DBAC,Poland,Poland,DATA EXPIRED,Polish,Poland,Male,DATA EXPIRED
68,601053318ab43b34695a2e7c,APPROVED,36:48:00,21:30.1,2681.411,20,145,0,100,13:32:00,30C8DBAC,Spain,Spain,Other,Spanish,Spain,Male,Yes
309,6010552dc1152032c499a943,APPROVED,45:27:00,04:45.3,1158.248,53,201,1,100,57:39:00,30C8DBAC,Guyana,Canada,DATA EXPIRED,English,Canada,Female,No
54,601062d6bbe6be36b2e50ce0,APPROVED,43:38:00,05:15.8,1296.981,23,118,2,99,13:35:00,30C8DBAC,DATA EXPIRED,Poland,DATA EXPIRED,DATA EXPIRED,DATA EXPIRED,DATA EXPIRED,DATA EXPIRED
307,601065eb27f86b37877eee9b,APPROVED,57:03:00,17:33.6,1230.235,20,77,0,100,13:36:00,30C8DBAC,Mexico,Mexico,DATA EXPIRED,Spanish,Mexico,Female,DATA EXPIRED
66,601095b782846a1cf436cc50,APPROVED,20:42:00,35:06.7,864.062,24,79,2,96,35:08:00,30C8DBAC,Poland,Poland,DATA EXPIRED,Polish,Poland,Male,DATA EXPIRED
191,6010a3f19ffb9741f155f8b6,APPROVED,21:23:00,36:59.6,935.894,32,99,1,99,57:41:00,30C8DBAC,Mexico,Mexico,Unemployed (and job seeking),Spanish,Mexico,Female,No
19,6011205c96189f0a02dd70ed,APPROVED,12:15:00,26:03.2,827.797,30,212,1,100,35:11:00,30C8DBAC,Russian Federation,Israel,Part-Time,Hebrew,Israel,Male,Yes
14,601449bb8c19b33e3bf5d146,APPROVED,45:31:00,07:33.1,1322.122,36,467,3,100,13:39:00,30C8DBAC,Russian Federation,United Kingdom,DATA EXPIRED,English,United Kingdom,Male,DATA EXPIRED
41,6016b549be88ba13e031c8c8,APPROVED,54:03:00,13:19.7,1155.838,46,975,9,99,40:37:00,30C8DBAC,Germany,United Kingdom,DATA EXPIRED,English,United Kingdom,Male,DATA EXPIRED
249,6016b61edf0288861307f17c,APPROVED,52:30:00,28:07.2,2136.552,28,425,1,100,40:40:00,30C8DBAC,Poland,Poland,Full-Time,Polish,Poland,Male,Yes
245,6016b6227b72a084131bed88,APPROVED,52:48:00,08:05.2,916.579,25,176,0,100,40:41:00,30C8DBAC,Italy,Italy,Unemployed (and job seeking),Italian,Italy,Male,No
221,6016b64eaa37e185b0a82c8a,APPROVED,53:18:00,10:49.6,1051.007,24,315,0,100,40:42:00,30C8DBAC,Poland,Poland,Full-Time,Polish,Poland,Male,Yes
111,6016b68c38e7fb1321453cdd,APPROVED,54:20:00,23:07.7,1727.685,27,55,0,100,40:44:00,30C8DBAC,Italy,Italy,DATA EXPIRED,Italian,Italy,Male,DATA EXPIRED
173,6016b6c1164d058562fb7e3b,APPROVED,02:28:00,34:06.7,1898.685,21,210,2,99,40:45:00,30C8DBAC,Poland,Poland,"Not in paid work (e.g. homemaker', 'retired or disabled)",Polish,Poland,Female,Yes
208,6016b6d8246e5126c2c99bfc,APPROVED,57:55:00,19:16.7,1281.414,55,1481,3,100,40:46:00,30C8DBAC,United States,United States,"Not in paid work (e.g. homemaker', 'retired or disabled)",English,United States,Female,No
151,6016b773ed394183e48f5d0b,APPROVED,58:11:00,12:45.0,873.582,22,178,5,97,40:50:00,30C8DBAC,Austria,Austria,DATA EXPIRED,German,Austria,Male,DATA EXPIRED
57,6016b86b51078385f35513b8,APPROVED,02:19:00,37:00.2,2080.512,24,385,3,100,40:51:00,30C8DBAC,Poland,Poland,Part-Time,Polish,Poland,Female,Yes
301,6016b8cbc1146d83680c0ebc,APPROVED,04:00:00,18:45.4,885.369,30,103,3,97,40:53:00,30C8DBAC,United Kingdom,United Kingdom,DATA EXPIRED,English,United Kingdom,Female,DATA EXPIRED
104,6016ba12304523880943434a,APPROVED,09:27:00,26:28.5,1021.011,21,271,1,100,40:54:00,30C8DBAC,Poland,Poland,Unemployed (and job seeking),Polish,Poland,Male,Yes
127,6016ba86d49fa885bd16012c,APPROVED,11:18:00,29:00.1,1062.011,24,317,2,100,40:56:00,30C8DBAC,Italy,Italy,Part-Time,Italian,Italy,Male,Yes
247,6016bc7a9c081186ca958d97,APPROVED,19:38:00,39:27.2,1188.463,41,90,0,100,40:57:00,30C8DBAC,Spain,Spain,DATA EXPIRED,Spanish,Spain,Female,DATA EXPIRED
102,6016bdd7a28c6014fd3236c8,APPROVED,25:27:00,54:24.5,1737.512,28,322,0,100,40:58:00,30C8DBAC,Italy,Italy,Part-Time,Italian,Italy,Male,No
276,6016c4e99c081185e392339e,APPROVED,56:04:00,16:39.4,1235.058,27,185,1,100,41:00:00,30C8DBAC,Greece,Greece,Full-Time,Greek,Greece,Male,No
239,6016cad839aa6415ebb1df1e,APPROVED,20:56:00,35:41.1,884.668,23,129,0,100,41:02:00,30C8DBAC,Portugal,Portugal,DATA EXPIRED,Portuguese,Portugal,Male,DATA EXPIRED
47,6016cb2fbb020815ed3f2b53,APPROVED,22:31:00,42:40.4,1209.179,45,469,6,97,41:03:00,30C8DBAC,Kazakhstan,Israel,Full-Time,Russian,Israel,Male,No
227,6016cb3a60a2a087a04393a8,APPROVED,22:34:00,07:40.5,2705.639,23,120,1,100,41:05:00,30C8DBAC,Italy,Italy,DATA EXPIRED,Italian,Italy,Male,DATA EXPIRED
119,6016cb9442e035898a1d1889,APPROVED,24:22:00,40:23.7,961.354,21,488,2,100,41:07:00,30C8DBAC,United Kingdom,United Kingdom,DATA EXPIRED,English,United Kingdom,Female,DATA EXPIRED
109,6016cbb86a788b8700334390,APPROVED,24:40:00,41:03.8,983.115,32,661,1,100,41:09:00,30C8DBAC,Germany,Germany,DATA EXPIRED,German,Germany,Male,DATA EXPIRED
193,6016cbcc2c5733866c8866c1,APPROVED,25:00:00,45:00.4,1199.649,62,633,3,99,41:11:00,30C8DBAC,United Kingdom,United Kingdom,Unemployed (and job seeking),English,United Kingdom,Male,No
304,6016cbe26a788b87f2103a4d,APPROVED,25:27:00,41:54.1,986.759,27,49,0,100,41:12:00,30C8DBAC,United Kingdom,United Kingdom,DATA EXPIRED,English,Ireland,Male,DATA EXPIRED
79,6016ccafe0bebb1733b8dfa4,APPROVED,30:42:00,51:56.4,1273.965,45,661,0,100,41:14:00,30C8DBAC,United Kingdom,United Kingdom,Part-Time,English,United Kingdom,Female,No
218,6016cd20270fe987ddc79806,APPROVED,30:40:00,46:41.8,961.56,24,123,0,100,41:16:00,30C8DBAC,Portugal,Portugal,DATA EXPIRED,Portuguese,Portugal,Male,DATA EXPIRED
83,6016cd75304523896d08f054,APPROVED,32:05:00,48:26.9,981.191,28,323,0,100,41:17:00,30C8DBAC,Italy,Italy,Other,Italian,Italy,Male,Yes
27,6016cd93a469dc89b19f6dd8,APPROVED,32:54:00,49:46.2,1011.972,22,360,7,97,41:19:00,30C8DBAC,Spain,Spain,DATA EXPIRED,Spanish,Spain,Male,DATA EXPIRED
7,6016ce8aaaa96088ccc6027c,APPROVED,36:42:00,55:52.6,1150.554,27,607,1,100,41:21:00,30C8DBAC,United Kingdom,United Kingdom,DATA EXPIRED,English,United Kingdom,Female,DATA EXPIRED
25,6016cef2f57edd17c61449cf,APPROVED,38:26:00,31/01/2021 16:03,1505.855,33,1120,14,99,41:23:00,30C8DBAC,United Kingdom,United Kingdom,DATA EXPIRED,English,United Kingdom,Female,DATA EXPIRED
172,6016cf220440c2867bb6f9bf,APPROVED,39:14:00,57:53.9,1119.69,23,220,2,99,41:26:00,30C8DBAC,Portugal,Portugal,Full-Time,Portuguese,Portugal,Female,No
52,6016cf471fcab58630fecadb,APPROVED,39:51:00,58:37.5,1125.819,36,1624,0,100,41:27:00,30C8DBAC,United Kingdom,United Kingdom,Full-Time,English,United Kingdom,Male,No
291,6016cf591670718708d6ba39,APPROVED,40:24:00,58:58.1,1113.202,37,157,1,100,41:31:00,30C8DBAC,Poland,Poland,Full-Time,Polish,Poland,Female,No
260,6016d02ab88fc717abc649e0,APPROVED,49:32:00,17:21.0,1668.65,20,138,3,99,41:32:00,30C8DBAC,Poland,Poland,DATA EXPIRED,English,Poland,Female,DATA EXPIRED
36,6016d097e4c5e289440b9bf7,APPROVED,45:27:00,02:23.1,1015.773,32,1267,10,99,41:33:00,30C8DBAC,United Kingdom,United Kingdom,Full-Time,English,United Kingdom,Female,No
236,6016d2f3cecc008935f932e0,APPROVED,55:31:00,12:21.2,1009.793,20,110,1,99,41:37:00,30C8DBAC,Hungary,Hungary,Unemployed (and job seeking),Hungarian,Hungary,Male,No
188,6016d60b4f1e00174997a968,APPROVED,08:43:00,25:12.6,989.027,22,131,0,100,41:38:00,30C8DBAC,Italy,Italy,DATA EXPIRED,Italian,Italy,Male,DATA EXPIRED
45,6016d78f4532648b2821592b,APPROVED,15:11:00,33:49.7,1118.654,26,149,0,100,41:39:00,30C8DBAC,Portugal,Portugal,DATA EXPIRED,Portuguese,Portugal,Female,DATA EXPIRED
201,6016d8bf2654fb8b2f1d8181,APPROVED,20:15:00,41:13.6,1258.461,21,84,1,100,41:41:00,30C8DBAC,Greece,Greece,DATA EXPIRED,Greek,Greece,Female,DATA EXPIRED
161,6016d8f8e0bebb17afdbd33e,APPROVED,21:12:00,41:50.3,1237.647,26,347,3,100,41:42:00,30C8DBAC,United Kingdom,United Kingdom,Full-Time,English,United Kingdom,Male,No
116,6016dd666648b88bb4130ec1,APPROVED,40:06:00,58:24.5,1097.91,41,691,10,98,41:43:00,30C8DBAC,United Kingdom,United Kingdom,Full-Time,English,United Kingdom,Female,No
290,6016def42d7cc98c4e5199c8,APPROVED,46:44:00,04:35.2,1070.393,23,147,0,100,41:46:00,30C8DBAC,Portugal,Portugal,Other,Portuguese,Portugal,Female,Yes
264,6016f2fc3d3ca68c2a841023,APPROVED,12:12:00,35:58.3,1425.429,NA,49,2,97,41:49:00,30C8DBAC,NA,NA,NA,NA,NA,NA,NA
147,6016f797e8edb48cd8d1b71b,APPROVED,31:51:00,51:47.8,1196.733,34,528,1,100,41:50:00,30C8DBAC,United Kingdom,United Kingdom,Full-Time,English,United Kingdom,Male,No
3,6016f9bc1e8f208e2a877005,APPROVED,41:03:00,02:05.6,1262.341,33,2014,4,100,41:51:00,30C8DBAC,United Kingdom,United Kingdom,Full-Time,English,United Kingdom,Female,No
64,6016fc7d10933190592c1517,APPROVED,56:05:00,13:16.1,1030.496,22,242,0,100,41:57:00,30C8DBAC,Poland,Poland,Unemployed (and job seeking),Polish,Poland,Female,Yes
110,6016fc9ee6b0ba8eee7f5961,APPROVED,53:18:00,12:30.0,1151.827,32,877,1,100,41:58:00,30C8DBAC,United States,United States,DATA EXPIRED,English,United States,Male,DATA EXPIRED
283,601700134f1e001e4c2b576f,APPROVED,08:03:00,30:51.6,1368.575,31,49,2,99,42:01:00,30C8DBAC,Poland,Poland,DATA EXPIRED,Polish,Poland,Male,DATA EXPIRED
89,601701d5bb02081e8553fc6e,APPROVED,15:33:00,36:16.5,1243.25,NA,172,4,98,42:01:00,30C8DBAC,Italy,Italy,Unemployed (and job seeking),Italian,Italy,Male,DATA EXPIRED
21,601705a82c57338e8180019b,APPROVED,31:52:00,48:50.4,1017.837,40,299,5,98,42:03:00,30C8DBAC,United Kingdom,United Kingdom,DATA EXPIRED,English,United Kingdom,Male,DATA EXPIRED
250,60170c6c4f1e001dfe72d5fa,APPROVED,00:44:00,07:03.6,3979.499,28,106,1,100,42:04:00,30C8DBAC,Poland,Poland,DATA EXPIRED,Polish,Poland,Male,DATA EXPIRED
75,601714fa04904a945f1b5279,APPROVED,37:14:00,53:49.2,994.556,24,439,2,100,42:05:00,30C8DBAC,United Kingdom,United Kingdom,DATA EXPIRED,English,United Kingdom,Female,No
140,601718350ad8cc910dddd382,APPROVED,51:01:00,11:13.3,1211.446,22,219,4,98,42:07:00,30C8DBAC,Mexico,Mexico,DATA EXPIRED,Spanish,Mexico,Male,DATA EXPIRED
278,601719f12b7ef32128fd723f,APPROVED,58:25:00,15:08.4,1003.126,31,1186,1,100,42:09:00,30C8DBAC,United States,United States,Full-Time,English,United States,Female,No
62,6017270f6f7aec938fd2af68,APPROVED,54:23:00,18:52.1,1468.521,27,241,4,98,42:11:00,30C8DBAC,Portugal,Portugal,Full-Time,Portuguese,Portugal,Male,No
124,60172d5dbe88ba2513a46042,APPROVED,21:17:00,38:53.0,1055.242,23,93,2,98,42:12:00,30C8DBAC,Poland,Poland,DATA EXPIRED,Polish,Poland,Female,DATA EXPIRED
299,60172d92b88fc7240fb4ba68,APPROVED,22:10:00,41:40.0,1169.496,28,239,0,100,42:13:00,30C8DBAC,Nigeria,United Kingdom,DATA EXPIRED,English,Nigeria,Male,DATA EXPIRED
46,601737285f44c7986d0485fe,APPROVED,03:04:00,27:39.4,1475.148,53,1418,4,100,42:14:00,30C8DBAC,United States,United States,Part-Time,English,United States,Female,No
251,60173f010be393988917ae93,APPROVED,36:33:00,54:37.9,1084.313,28,177,2,100,42:18:00,30C8DBAC,Italy,Italy,DATA EXPIRED,Italian,Italy,Male,DATA EXPIRED
235,60173f9111f94797da7262ad,APPROVED,39:00:00,03:39.5,1479.086,26,373,2,99,42:19:00,30C8DBAC,Macao,United Kingdom,Full-Time,Chinese,United Kingdom,Male,No
209,601750ee0be3939914d21950,APPROVED,53:02:00,13:54.3,1252.201,32,436,0,100,42:21:00,30C8DBAC,Canada,Canada,Part-Time,English,Canada,Male,DATA EXPIRED
192,60177a5e3d3ca69b80992d16,APPROVED,49:50:00,14:21.5,1471.212,22,63,2,98,42:22:00,30C8DBAC,Mexico,Mexico,Other,Spanish,Mexico,Female,Yes
266,6017bbbcf721c1a35c871c36,APPROVED,28:44:00,56:52.0,1687.175,20,70,2,97,42:23:00,30C8DBAC,Poland,Poland,DATA EXPIRED,Polish,Poland,Male,DATA EXPIRED
60,6017c6b4453264a467dbc7c6,APPROVED,16:20:00,31:28.1,907.875,34,124,1,100,42:24:00,30C8DBAC,Mexico,Spain,Full-Time,Spanish,Mexico,Male,No
142,6017d74256f32ea60be288da,APPROVED,26:10:00,01:53.1,2142.717,47,265,0,100,42:28:00,30C8DBAC,United Kingdom,United Kingdom,Full-Time,English,United Kingdom,Female,No
152,6017f4f7a0361eac9488f7e3,APPROVED,32:55:00,50:41.6,1066.078,28,247,0,100,42:29:00,30C8DBAC,United Kingdom,United Kingdom,DATA EXPIRED,English,United Kingdom,Female,DATA EXPIRED
120,6017f5e06648b8ab5cd8d659,APPROVED,36:48:00,57:04.0,1215.349,34,197,1,100,42:31:00,30C8DBAC,United Kingdom,Portugal,DATA EXPIRED,Portuguese,Portugal,Male,DATA EXPIRED
131,60181115df0288b1c5ed1a6a,APPROVED,32:53:00,48:14.9,921.349,23,196,1,100,42:32:00,30C8DBAC,Portugal,Portugal,Unemployed (and job seeking),Portuguese,Portugal,Male,Yes
211,60183c7cc6947905d074a12a,APPROVED,38:03:00,13:33.0,2129.134,19,220,6,96,42:34:00,30C8DBAC,Spain,Spain,Other,Spanish,Spain,Female,Yes
228,6019211d5493da000ae60d99,APPROVED,53:33:00,14:17.3,1243.96,22,133,1,100,42:37:00,30C8DBAC,Poland,Poland,Part-Time,Polish,Poland,Male,Yes
261,6019314829131902f65c168f,APPROVED,02:35:00,23:21.6,1246.498,22,83,1,99,42:38:00,30C8DBAC,Poland,Poland,DATA EXPIRED,Polish,Poland,Male,DATA EXPIRED
28,6019340ecaf112000afe6753,APPROVED,14:22:00,52:13.3,2270.553,55,772,3,100,42:39:00,30C8DBAC,United Kingdom,United Kingdom,DATA EXPIRED,English,United Kingdom,Male,DATA EXPIRED
270,6019370f80fae302f11c19d4,APPROVED,27:11:00,03:56.7,2204.759,28,119,0,100,42:42:00,30C8DBAC,France,Poland,Full-Time,Polish,Poland,Male,No
132,60195ebb7ab49002700670f9,APPROVED,16:27:00,37:47.2,1279.624,29,1603,6,100,42:43:00,30C8DBAC,United States,United States,DATA EXPIRED,English,United States,Male,DATA EXPIRED
207,6019dd6f5f481e1c779263aa,APPROVED,25:06:00,00:45.5,2138.643,59,482,0,100,42:46:00,30C8DBAC,United Kingdom,United Kingdom,Part-Time,English,Ireland,Female,No
114,601b0965889d5f45bbf31d3a,APPROVED,36:53:00,01:39.3,1485.478,20,113,1,100,42:47:00,6E5B3114,Estonia,Estonia,Full-Time,Estonian,Estonia,Male,DATA EXPIRED
206,601b28127baab34bbc09a10f,APPROVED,47:46:00,07:27.3,1180.53,26,107,1,100,13:40:00,30C8DBAC,Portugal,Portugal,Full-Time,Portuguese,Portugal,Male,DATA EXPIRED
298,601b61f9af64535328a07376,APPROVED,54:56:00,16:33.0,1296.276,43,522,2,100,42:49:00,30C8DBAC,United States,United States,DATA EXPIRED,English,United States,Female,DATA EXPIRED
183,601c1485709f906894c9743f,APPROVED,36:37:00,54:38.5,1081.193,21,193,2,100,13:44:00,30C8DBAC,Italy,Italy,"Not in paid work (e.g. homemaker', 'retired or disabled)",Italian,Italy,Male,Yes
82,601d1e166599c606209a7c0e,APPROVED,29:44:00,29:51.4,6.563,21,89,0,100,44:04:00,30C8DBAC,Czech Republic,Czech Republic,DATA EXPIRED,Czech,Czech Republic,Male,DATA EXPIRED
51,6025516bdee01c069c7a66c2,APPROVED,46:51:00,03:43.3,1011.603,21,272,8,97,59:10:00,30C8DBAC,Italy,Italy,DATA EXPIRED,Italian,Italy,Male,No
85,603a2e1eb97f855d1461653d,APPROVED,33:50:00,47:15.1,804.658,20,216,0,100,24:23:00,30C8DBAC,Poland,Poland,DATA EXPIRED,Polish,Poland,Male,DATA EXPIRED
303,603a2e738692015c5144f406,APPROVED,35:21:00,51:35.7,974.244,28,189,3,99,24:24:00,30C8DBAC,Spain,Spain,Unemployed (and job seeking),Spanish,Spain,Male,No
240,603a2f17a8f4025cadb97a0e,APPROVED,37:59:00,53:14.5,915.009,20,176,1,100,24:27:00,30C8DBAC,Portugal,Portugal,Other,Portuguese,Portugal,Male,Yes
165,603a2fcb158dc45dacfd5f5f,APPROVED,40:59:00,58:58.3,1078.533,NA,120,1,100,24:31:00,30C8DBAC,NA,NA,NA,NA,NA,NA,NA
241,603a2febf582d05d47ca2439,APPROVED,41:31:00,01:02.6,1171.166,22,182,0,100,24:32:00,30C8DBAC,Portugal,Portugal,Other,Portuguese,Portugal,Female,Yes
34,603a3002f130693f9cda6417,APPROVED,41:57:00,01:05.7,1148.23,28,355,7,97,24:34:00,30C8DBAC,Spain,Spain,Unemployed (and job seeking),Spanish,Spain,Male,Yes
238,603a30145ed1c2548dd7b42b,APPROVED,42:12:00,11:29.5,1756.88,22,161,2,99,24:36:00,30C8DBAC,Portugal,Portugal,Other,Portuguese,Portugal,Female,Yes
126,603a30476aba3a553bbb4e96,APPROVED,43:03:00,09:15.4,1572.216,27,140,1,100,24:38:00,30C8DBAC,Poland,Poland,DATA EXPIRED,Polish,Poland,Female,DATA EXPIRED
155,603a304c5ed1c2548dd7b430,APPROVED,43:08:00,04:17.5,1269.481,31,103,0,100,24:40:00,30C8DBAC,South Africa,South Africa,Full-Time,DATA EXPIRED,South Africa,Female,No
121,603a30528fd0a95dd3550b10,APPROVED,43:20:00,12:21.3,1740.374,42,205,1,100,24:41:00,30C8DBAC,South Africa,South Africa,Full-Time,DATA EXPIRED,South Africa,Female,Yes
67,603a3079ef3baf5ec2ca9780,APPROVED,43:53:00,27:53.4,2639.926,24,324,1,100,24:43:00,30C8DBAC,Hungary,Hungary,Unemployed (and job seeking),Hungarian,Hungary,Male,No
197,603a308b4df3f55650e9fc3a,APPROVED,44:11:00,00:31.0,979.799,22,186,6,97,24:44:00,30C8DBAC,Portugal,Portugal,DATA EXPIRED,Portuguese,Portugal,Female,DATA EXPIRED
71,603a308fc3d1cf051ca1bf78,APPROVED,44:15:00,03:29.2,1154.102,28,237,0,100,24:46:00,30C8DBAC,Poland,Poland,Unemployed (and job seeking),Polish,Poland,Female,No
269,603a3099babbb55e530ed01d,APPROVED,44:45:00,02:42.6,1077.384,23,91,0,100,24:47:00,30C8DBAC,Greece,Greece,Unemployed (and job seeking),Greek,Greece,Female,DATA EXPIRED
273,603a309e01fe3755cefeb5a3,APPROVED,44:30:00,58:28.7,838.116,23,61,0,100,24:49:00,30C8DBAC,Poland,Poland,Unemployed (and job seeking),Polish,Poland,Female,Yes
178,603a30abbae73854f925e90b,APPROVED,44:43:00,05:47.3,1264.119,20,290,4,98,24:50:00,30C8DBAC,Poland,Poland,Full-Time,Polish,Poland,Male,DATA EXPIRED
318,603a30c90ec4d355e5fadab9,APPROVED,45:21:00,20:04.1,2082.721,29,188,4,98,24:51:00,30C8DBAC,Italy,United Kingdom,Part-Time,Italian,Italy,Male,No
289,603a30d3d8a95b5e856be946,APPROVED,45:30:00,09:01.8,1411.088,NA,83,4,93,24:53:00,30C8DBAC,NA,NA,NA,NA,NA,NA,NA
56,603a30dce62ae15e1d3f0901,APPROVED,45:32:00,03:16.7,1063.857,32,406,3,100,24:54:00,30C8DBAC,Greece,Greece,Full-Time,Greek,Greece,Female,No
174,603a30fef21b7355d10733b1,APPROVED,46:06:00,06:23.0,1216.42,31,226,0,100,24:56:00,30C8DBAC,Germany,Greece,Other,Greek,Greece,Female,No
136,603a310b8a7c5c567377b6fb,APPROVED,46:19:00,07:33.2,1273.28,25,208,1,100,24:58:00,30C8DBAC,Greece,Switzerland,Full-Time,Greek,Greece,Female,Yes
305,603a3194d514745d23887bbd,APPROVED,48:36:00,06:21.9,1065.244,24,87,2,99,24:59:00,30C8DBAC,Portugal,Portugal,Full-Time,Portuguese,Portugal,Female,No
271,603a31ab19f263561d5b3d0b,APPROVED,48:59:00,18:32.8,1773.677,21,105,3,97,25:00:00,30C8DBAC,Portugal,Portugal,Part-Time,Portuguese,Portugal,Female,Yes
4,603a31d1165f985d7be8b909,APPROVED,49:46:00,08:43.1,1136.422,48,658,4,100,25:02:00,30C8DBAC,Italy,Italy,DATA EXPIRED,Italian,Italy,Male,DATA EXPIRED
70,603a31d515614a5d1c1f1e22,APPROVED,49:41:00,07:43.3,1081.638,35,424,0,100,25:05:00,30C8DBAC,Sweden,Sweden,Full-Time,Swedish,Sweden,Male,No
230,603a31de5cdecc5d70a9ab1a,APPROVED,49:50:00,05:03.3,913.161,21,313,0,100,25:06:00,30C8DBAC,United Kingdom,United Kingdom,Part-Time,English,United Kingdom,Female,No
190,603a31e8686c575d5c04912d,APPROVED,50:00:00,07:01.2,1021.017,21,172,1,100,25:08:00,30C8DBAC,"Venezuela, Bolivarian Republic of",Spain,DATA EXPIRED,Spanish,Italy,Male,DATA EXPIRED
246,603a3217158dc45e26092ada,APPROVED,50:47:00,13:27.2,1359.987,20,125,0,100,25:09:00,30C8DBAC,Bosnia and Herzegovina,Portugal,Other,Portuguese,Portugal,Male,Yes
133,603a321e90d6aa4110c8ea78,APPROVED,52:48:00,10:47.2,1078.5,NA,394,5,99,25:11:00,30C8DBAC,NA,NA,NA,NA,NA,NA,NA
252,603a3226f130694010948973,APPROVED,51:02:00,09:45.3,1122.954,26,169,3,99,25:13:00,30C8DBAC,Italy,Italy,Other,Italian,Italy,Male,Yes
222,603a323ff37c855d70bfc8af,APPROVED,51:27:00,09:18.2,1070.738,26,177,0,100,25:14:00,30C8DBAC,Greece,Greece,Part-Time,Greek,Greece,Male,Yes
277,603a324168ff0b56cfd8fa0b,APPROVED,51:29:00,10:55.6,1166.315,25,149,0,100,25:16:00,30C8DBAC,Brazil,Portugal,DATA EXPIRED,Portuguese,Brazil,Male,DATA EXPIRED
106,603a324788a7ca5df67edd6b,APPROVED,51:45:00,11:42.0,1196.819,29,216,3,99,25:17:00,30C8DBAC,Poland,Poland,Full-Time,Polish,Poland,Male,No
256,603a329e1e9e5e3feb64df0c,APPROVED,53:02:00,11:42.6,1119.834,21,183,2,99,25:18:00,30C8DBAC,Portugal,Portugal,Unemployed (and job seeking),Portuguese,Portugal,Male,Yes
331,603a32b0e198ad5d540f0840,APPROVED,53:22:00,10:29.3,1026.716,19,35,1,99,25:20:00,30C8DBAC,Poland,Poland,DATA EXPIRED,Polish,Poland,Female,DATA EXPIRED
255,603a32c4ae65105e2b6894fc,APPROVED,53:40:00,14:30.3,1250.195,21,107,0,100,25:21:00,30C8DBAC,Portugal,Portugal,DATA EXPIRED,Portuguese,Portugal,Male,DATA EXPIRED
5,603a32c89a3fd3565f2a7631,APPROVED,53:52:00,27:05.0,1992.61,30,259,4,99,25:23:00,30C8DBAC,Pakistan,United Kingdom,DATA EXPIRED,Pashto,United Kingdom,Female,DATA EXPIRED
285,603a32ce0f75435dc3fcfe98,APPROVED,53:52:00,10:53.1,1020.585,21,48,1,97,25:24:00,30C8DBAC,Italy,Italy,DATA EXPIRED,Italian,Italy,Male,DATA EXPIRED
257,603a32df982298555246dfef,APPROVED,54:07:00,18:07.0,1439.444,22,110,1,100,25:26:00,30C8DBAC,Portugal,Portugal,DATA EXPIRED,Portuguese,Portugal,Male,DATA EXPIRED
226,603a32e4158dc45e9927dd29,APPROVED,54:12:00,48:05.1,3232.841,24,151,2,100,25:27:00,30C8DBAC,Italy,Italy,DATA EXPIRED,Italian,Italy,Male,Yes
216,603a336d1713655c823f16d3,APPROVED,56:29:00,25:45.7,1755.906,22,165,2,100,25:28:00,30C8DBAC,Portugal,Portugal,Unemployed (and job seeking),Portuguese,Portugal,Female,Yes
117,603a33b6880cee5e183fab84,APPROVED,57:42:00,16:08.2,1105.444,21,170,1,100,25:30:00,30C8DBAC,Poland,Poland,DATA EXPIRED,Polish,Poland,Female,Yes
160,603a33d590d6aa409d6f2d6f,APPROVED,58:16:00,17:42.6,1166.546,30,183,0,100,25:31:00,30C8DBAC,India,Germany,DATA EXPIRED,Tamil,India,Female,DATA EXPIRED
29,603a33f4a82afd552eed46c3,APPROVED,58:44:00,17:18.4,1114.298,21,229,2,100,25:33:00,30C8DBAC,Poland,Poland,Unemployed (and job seeking),Polish,Poland,Female,Yes
296,603a34546ba69e5e2f51314d,APPROVED,03:48:00,30:53.5,1624.557,57,145,3,99,25:34:00,30C8DBAC,Italy,Italy,DATA EXPIRED,Italian,Italy,Male,DATA EXPIRED
288,603a34735efcd85683993838,APPROVED,00:51:00,20:58.8,1207.066,25,186,2,99,25:36:00,30C8DBAC,Spain,Spain,Unemployed (and job seeking),Spanish,Spain,Male,No
280,603a34784049ae5d2b51f5be,APPROVED,00:56:00,19:09.8,1092.99,32,55,0,100,25:37:00,30C8DBAC,Mexico,Germany,DATA EXPIRED,Spanish,Mexico,Male,DATA EXPIRED
332,603a3478a4df1d5452f16ec8,APPROVED,00:56:00,20:37.0,1180.69,21,152,2,99,25:38:00,30C8DBAC,Poland,Poland,Unemployed (and job seeking),English,Poland,Male,Yes
92,603a3483b6ca335daa842498,APPROVED,01:07:00,22:24.8,1277.563,29,126,1,99,25:40:00,30C8DBAC,Italy,Italy,Unemployed (and job seeking),Italian,Italy,Female,No
312,603a34869450775e4e89c8e0,APPROVED,01:13:00,24:53.3,1420.186,26,242,0,100,25:42:00,30C8DBAC,Ireland,Ireland,Full-Time,English,Ireland,Female,No
163,603a34f55862f15f176e99f5,APPROVED,03:01:00,18:33.4,932.213,24,245,0,100,25:44:00,30C8DBAC,Italy,Italy,Full-Time,Italian,Italy,Male,No
9,603a3500b369cb5e85c9a296,APPROVED,03:14:00,23:06.2,1191.219,48,1248,0,100,25:45:00,30C8DBAC,United Kingdom,United Kingdom,Full-Time,English,United Kingdom,Male,No
184,603a3500e6e9915e403ac5bf,APPROVED,03:22:00,19:19.4,957.26,20,153,4,97,25:49:00,30C8DBAC,United Kingdom,United Kingdom,Unemployed (and job seeking),English,United Kingdom,Female,DATA EXPIRED
194,603a35099a3fd356d383273f,APPROVED,03:21:00,21:29.7,1088.646,26,192,0,100,25:50:00,30C8DBAC,Portugal,Portugal,Full-Time,Portuguese,Portugal,Male,No
322,603a3589cc8c635cfc587b2f,APPROVED,05:29:00,22:45.4,1035.451,29,460,0,100,25:51:00,30C8DBAC,Poland,Poland,Full-Time,Polish,Poland,Male,No
69,603a36128d17d85ec38d9ba7,APPROVED,07:46:00,30:12.8,1346.207,32,267,4,99,25:53:00,30C8DBAC,Italy,Italy,DATA EXPIRED,DATA EXPIRED,Italy,Male,DATA EXPIRED
48,603a36477f3a465e415220ac,APPROVED,08:39:00,30:04.0,1284.796,38,379,3,100,25:54:00,30C8DBAC,Italy,Italy,Full-Time,DATA EXPIRED,Italy,Male,No
306,603a36d768faad5e92e2d662,APPROVED,11:03:00,27:19.4,975.829,26,171,0,100,25:56:00,30C8DBAC,Italy,Italy,Full-Time,Italian,Italy,Male,No
262,603a36f56aac095e568bdf2d,APPROVED,11:35:00,27:27.0,951.373,24,226,2,100,25:58:00,30C8DBAC,United Kingdom,United Kingdom,Full-Time,English,United Kingdom,Female,No
144,603a3722e6e9915ec6860145,APPROVED,12:22:00,31:10.8,1128.407,20,140,3,99,25:59:00,30C8DBAC,Poland,Poland,Due to start a new job within the next month,Polish,Poland,Male,Yes
237,603a373d3d9b165e5a08b97e,APPROVED,12:45:00,28:18.6,933.598,31,187,1,100,26:01:00,30C8DBAC,Romania,United Kingdom,DATA EXPIRED,Romanian,Romania,Male,DATA EXPIRED
175,603a37a2e210505ede308680,APPROVED,14:26:00,37:32.6,1385.88,25,104,2,99,26:02:00,30C8DBAC,Poland,Poland,DATA EXPIRED,Polish,Poland,Female,DATA EXPIRED
242,603a3863b948e85ef3343f7d,APPROVED,17:39:00,34:54.4,1035.172,24,56,0,100,26:03:00,30C8DBAC,Portugal,Portugal,Unemployed (and job seeking),Portuguese,Portugal,Male,No
112,603a388598229855c6a951e9,APPROVED,18:21:00,40:50.9,1349.212,35,117,0,100,26:05:00,30C8DBAC,Estonia,Estonia,Full-Time,Estonian,Estonia,Male,No
302,603a388dab9d37564971ead2,APPROVED,18:21:00,33:20.3,898.503,21,121,0,100,26:06:00,30C8DBAC,Portugal,Portugal,Other,Portuguese,Portugal,Male,Yes
311,603a389cfe7ac75ed8ec6ce1,APPROVED,18:54:00,36:34.8,1060.754,23,100,0,100,26:08:00,30C8DBAC,Poland,Poland,DATA EXPIRED,Polish,Poland,Female,DATA EXPIRED
65,603a38f0160c3e5634e7ca07,APPROVED,20:13:00,40:34.7,1220.897,22,283,5,98,26:09:00,30C8DBAC,Poland,Poland,Other,Polish,Poland,Male,Yes
55,603a3926fe7ac75e5a62f964,APPROVED,22:49:00,42:18.8,1169.556,25,136,1,100,26:11:00,30C8DBAC,Poland,Poland,Full-Time,Polish,Poland,Male,Yes
170,603a3ada82d6b05751999662,APPROVED,28:10:00,10:19.1,2528.782,33,201,2,100,26:12:00,30C8DBAC,Poland,Poland,DATA EXPIRED,Polish,Poland,Male,DATA EXPIRED
320,603a3b9c67d4bc5eaa1d87a3,APPROVED,33:09:00,47:37.8,868.464,19,51,0,100,26:14:00,30C8DBAC,Poland,Poland,Other,Polish,Poland,Male,Yes
326,603a3bb195a5a056b9043d8c,APPROVED,31:56:00,53:39.9,1303.937,NA,16,0,100,26:15:00,30C8DBAC,NA,NA,NA,NA,NA,NA,NA
330,603a3c859120005ea56c81b9,APPROVED,35:30:00,01:31.6,1561.436,20,59,0,100,26:17:00,30C8DBAC,South Africa,South Africa,DATA EXPIRED,Afrikaans,South Africa,Male,DATA EXPIRED
101,603a3cb8ef3baf5fb00462fc,APPROVED,36:08:00,01:12.8,1504.168,58,453,7,98,26:19:00,30C8DBAC,United Kingdom,United Kingdom,DATA EXPIRED,English,United Kingdom,Male,DATA EXPIRED
30,603a3cfb65fbaa5f2f41a0de,APPROVED,37:15:00,53:18.7,963.224,29,391,5,98,26:22:00,30C8DBAC,Portugal,Portugal,Full-Time,Portuguese,Portugal,Male,No
11,603a3d9d9225b45688a5e9d6,APPROVED,40:02:00,58:48.0,1125.881,21,171,0,100,26:24:00,30C8DBAC,Portugal,Portugal,DATA EXPIRED,Portuguese,Portugal,Female,Yes
162,603a3e50ecb86c57c486699b,APPROVED,42:56:00,02:10.6,1154.245,27,227,1,100,26:26:00,30C8DBAC,Italy,Italy,Unemployed (and job seeking),Italian,Italy,Female,Yes
213,603a3f3ad1aca65746f08ebc,APPROVED,46:50:00,03:07.2,976.72,24,129,1,100,26:27:00,30C8DBAC,Greece,Greece,Unemployed (and job seeking),Greek,Greece,Female,Yes
73,603a3f98208b75574a3a361c,APPROVED,48:24:00,11:09.2,1365.033,70,271,2,99,26:28:00,30C8DBAC,Germany,Ireland,"Not in paid work (e.g. homemaker', 'retired or disabled)",German,Germany,Male,No
49,603a3fae689f945ffb344542,APPROVED,48:51:00,12:27.1,1416.009,29,126,1,99,26:30:00,30C8DBAC,Albania,Greece,Full-Time,Albanian,Greece,Female,No
72,603a3ff465fbaa5e46883421,APPROVED,50:01:00,17:55.7,1674.739,56,844,0,100,26:31:00,30C8DBAC,United Kingdom,United Kingdom,DATA EXPIRED,English,United Kingdom,Male,DATA EXPIRED
108,603a3ffa16b3895ee8c9e66c,APPROVED,50:02:00,09:06.6,1144.036,25,81,0,100,26:34:00,30C8DBAC,Poland,Poland,Full-Time,Polish,Poland,Male,DATA EXPIRED
129,603a405e4e3f325ddfc5272a,APPROVED,51:42:00,27:13.5,2130.784,20,174,0,100,26:35:00,30C8DBAC,Poland,Poland,Other,Polish,Poland,Female,Yes
164,603a40639fc1fe5ff51f7f15,APPROVED,51:47:00,11:02.6,1155.216,24,74,0,100,26:37:00,30C8DBAC,Italy,Italy,DATA EXPIRED,Italian,Italy,Female,DATA EXPIRED
39,603a4088ef3baf6025fe3252,APPROVED,52:28:00,13:24.3,1256.3,34,600,1,100,26:38:00,30C8DBAC,United Kingdom,United Kingdom,Part-Time,English,United Kingdom,Female,No
74,603a41446aac095ecdd66971,APPROVED,56:39:00,11:38.1,898.953,23,62,2,98,26:41:00,30C8DBAC,Netherlands,Netherlands,DATA EXPIRED,Dutch,Netherlands,Male,DATA EXPIRED
23,603a414dd514745f933b334d,APPROVED,55:41:00,15:03.6,1162.634,52,463,1,100,26:42:00,30C8DBAC,Portugal,Portugal,Full-Time,Portuguese,Portugal,Female,No
220,603a42392af2c7601d22b71c,APPROVED,59:37:00,36:14.0,2197.016,19,195,0,100,26:44:00,30C8DBAC,Poland,Poland,Other,Polish,Poland,Male,Yes
157,603a4257fbf4635fa2676e22,APPROVED,00:07:00,45:54.7,2747.536,26,75,0,100,26:45:00,30C8DBAC,Romania,Italy,DATA EXPIRED,Romanian,Romania,Female,DATA EXPIRED
153,603a43f78d9a2b606cf9620a,APPROVED,07:03:00,26:05.5,1141.73,NA,154,2,100,26:47:00,30C8DBAC,NA,NA,NA,NA,NA,NA,NA
329,603a44718d9a2b606cf9620c,APPROVED,09:08:00,26:29.8,1041.432,22,71,0,100,26:49:00,30C8DBAC,Poland,Poland,DATA EXPIRED,Polish,Poland,Male,DATA EXPIRED
134,603a44aebabbb5602aee192f,APPROVED,10:11:00,31:01.0,1249.808,41,503,2,100,26:50:00,30C8DBAC,Greece,United Kingdom,DATA EXPIRED,Greek,United Kingdom,Male,DATA EXPIRED
171,603a45c519f26358e93a7e39,APPROVED,14:45:00,44:50.4,1804.994,20,100,1,100,26:52:00,30C8DBAC,Poland,Poland,Unemployed (and job seeking),Polish,Poland,Male,Yes
37,603a4729b369cb60e9b6f914,APPROVED,20:41:00,39:31.4,1129.862,22,236,2,99,26:53:00,30C8DBAC,Chile,Chile,Other,Spanish,Chile,Male,Yes
35,603a475a8a7c5c59c19f4eb2,APPROVED,21:30:00,38:31.8,1021.572,26,482,1,100,26:55:00,30C8DBAC,Portugal,Portugal,Full-Time,Portuguese,Portugal,Female,No
166,603a4825ab9d375739a07033,APPROVED,24:53:00,46:12.7,1279.611,24,283,2,100,26:57:00,30C8DBAC,United Kingdom,United Kingdom,Full-Time,English,United Kingdom,Male,Yes
327,603a4883302d074330a25cb2,APPROVED,26:27:00,46:27.9,1200.413,20,141,1,100,26:59:00,30C8DBAC,Portugal,Portugal,Other,Portuguese,Portugal,Female,Yes
258,603a494d16b38960d01754ec,APPROVED,29:52:00,46:42.0,1009.811,20,121,0,100,27:00:00,30C8DBAC,Philippines,United Kingdom,DATA EXPIRED,English,Ireland,Female,DATA EXPIRED
185,603a499f9936a2603d9212ed,APPROVED,31:24:00,47:47.2,982.309,NA,296,1,100,27:02:00,30C8DBAC,NA,NA,NA,NA,NA,NA,NA
115,603a49ceb3152f604fbf4f2f,APPROVED,31:58:00,53:05.6,1267.224,32,102,0,100,27:04:00,30C8DBAC,Poland,Poland,DATA EXPIRED,Polish,Poland,Male,No
135,603a49cf5862f15f90615f56,APPROVED,31:59:00,50:04.7,1085.262,22,127,0,100,27:05:00,30C8DBAC,United Kingdom,United Kingdom,DATA EXPIRED,Welsh,United Kingdom,Female,DATA EXPIRED
137,603a4a11cc8c63619e8a73de,APPROVED,33:05:00,59:45.4,1600.237,23,187,1,100,27:07:00,30C8DBAC,Portugal,Portugal,Unemployed (and job seeking),Portuguese,Portugal,Male,Yes
210,603a4aa85b03865839093308,APPROVED,35:36:00,57:36.5,1320.237,21,181,4,97,27:08:00,30C8DBAC,South Africa,South Africa,Other,English,South Africa,Female,Yes
217,603a4b453234e560e9a842ee,APPROVED,38:41:00,02:08.0,1406.809,20,144,4,98,27:10:00,30C8DBAC,Poland,Poland,DATA EXPIRED,Polish,Poland,Male,DATA EXPIRED
63,603a4ba801fe3758a464d30d,APPROVED,39:52:00,00:21.7,1229.557,22,374,0,100,27:11:00,30C8DBAC,Italy,Italy,Part-Time,Italian,Italy,Male,Yes
317,603a4c655e78aa5f7f75f84e,APPROVED,47:47:00,06:09.1,1101.378,25,303,1,100,27:13:00,30C8DBAC,Sri Lanka,United Kingdom,Full-Time,Tamil,United Kingdom,Female,No
167,603a4cd0a4df1d588eb91c37,APPROVED,44:48:00,02:41.4,1073.209,38,596,2,100,27:15:00,30C8DBAC,Italy,United Kingdom,Full-Time,Italian,Italy,Male,No
1,603a4cf4c6dd236197d802c5,APPROVED,45:31:00,01:59.6,988.191,28,1699,5,100,27:16:00,30C8DBAC,United Kingdom,United Kingdom,DATA EXPIRED,English,United Kingdom,Female,DATA EXPIRED
179,603a4d38a4df1d5818577bb8,APPROVED,46:32:00,06:54.8,1221.967,20,166,0,100,27:22:00,30C8DBAC,Poland,Poland,DATA EXPIRED,Polish,Poland,Male,DATA EXPIRED
225,603a4ede0f75436192421145,APPROVED,53:34:00,10:24.4,1009.828,23,116,5,97,27:24:00,30C8DBAC,Poland,Poland,DATA EXPIRED,Polish,Poland,Male,DATA EXPIRED
314,603a5078a9a78961ad8d2255,APPROVED,00:24:00,18:29.2,1084.215,25,182,0,100,27:25:00,30C8DBAC,Mexico,United States,Unemployed (and job seeking),Spanish,Mexico,Female,Yes
287,603a517d160c3e58920f4071,APPROVED,04:50:00,23:53.6,1143.562,27,140,1,100,27:28:00,30C8DBAC,Portugal,Portugal,Full-Time,Portuguese,Portugal,Male,No
281,603a51b1ae651061e7ad769b,APPROVED,05:37:00,25:12.6,1174.823,21,100,0,100,27:29:00,30C8DBAC,Portugal,Portugal,Full-Time,Portuguese,Portugal,Male,No
8,603a51bdd5147461788c08f5,APPROVED,05:49:00,31:01.1,1511.843,22,375,3,100,27:31:00,30C8DBAC,Portugal,Portugal,DATA EXPIRED,Portuguese,Portugal,Male,DATA EXPIRED
244,603a51fadb9042626b9dab9d,APPROVED,06:50:00,33:33.6,1603.244,NA,77,0,100,27:33:00,30C8DBAC,NA,NA,NA,NA,NA,NA,NA
154,603a523e4847fa61a8fc168e,APPROVED,07:58:00,26:01.6,1083.327,29,328,2,100,27:35:00,30C8DBAC,Spain,Spain,Unemployed (and job seeking),Spanish,Spain,Male,No
10,603a52df95a5a0591069570c,APPROVED,10:39:00,34:26.2,1426.94,27,377,1,100,27:38:00,30C8DBAC,Mexico,Mexico,DATA EXPIRED,Spanish,Mexico,Female,DATA EXPIRED
40,603a551816b38961459b03f2,APPROVED,20:08:00,53:34.7,2006.545,22,279,5,99,27:40:00,30C8DBAC,Poland,Poland,Part-Time,Polish,Poland,Female,Yes
294,603a55808d17d8620ddef6e5,APPROVED,21:52:00,40:33.0,1120.815,37,125,0,100,27:42:00,30C8DBAC,Italy,Italy,Part-Time,Italian,Italy,Male,No
313,603a56c3f583af6134d84101,APPROVED,27:15:00,47:03.6,1187.714,54,330,4,99,27:43:00,30C8DBAC,Philippines,United Kingdom,Part-Time,English,United Kingdom,Female,No
33,603a57d77f3a4662e7441a5c,APPROVED,33:49:00,51:22.5,1052.906,21,256,0,100,27:44:00,30C8DBAC,Chile,Chile,Full-Time,Spanish,Chile,Male,Yes
295,603a57e45cdecc63f8a141a6,APPROVED,32:04:00,53:32.4,1288.139,35,152,0,100,27:46:00,30C8DBAC,Poland,Poland,DATA EXPIRED,Polish,Poland,Male,DATA EXPIRED
293,603a591feaced662c81928be,APPROVED,37:19:00,56:09.7,1130.106,20,91,0,100,27:47:00,30C8DBAC,Poland,Poland,Due to start a new job within the next month,Polish,Poland,Female,Yes
58,603a5f3b8fd0a963ffda68ae,APPROVED,03:23:00,19:36.8,973.117,22,108,1,100,27:49:00,30C8DBAC,Spain,Spain,DATA EXPIRED,Catalan,Spain,Male,DATA EXPIRED
158,603a5f3def3baf63ea39176c,APPROVED,03:30:00,22:45.9,1155.4,20,186,0,100,27:50:00,30C8DBAC,Poland,Poland,Unemployed (and job seeking),Polish,Poland,Male,Yes
186,603a62761e9e5e46219f26c0,APPROVED,18:40:00,37:43.8,1143.289,24,215,1,100,27:52:00,30C8DBAC,Portugal,Portugal,Unemployed (and job seeking),Portuguese,Portugal,Female,Yes
274,603a6692e8d8bd668b5ac622,APPROVED,34:52:00,52:09.6,1037.398,21,111,3,96,27:53:00,30C8DBAC,Canada,Canada,Unemployed (and job seeking),English,Canada,Male,Yes
196,603a68d6f582d0654f1358a6,APPROVED,44:22:00,10:49.3,1587.025,41,202,1,100,27:55:00,30C8DBAC,Nigeria,Spain,DATA EXPIRED,English,Nigeria,Female,DATA EXPIRED
292,603a6af216b389657de97a98,APPROVED,53:25:00,10:03.7,997.791,25,278,3,98,27:56:00,30C8DBAC,United Kingdom,United Kingdom,Unemployed (and job seeking),Punjabi,United Kingdom,Female,Yes
145,603a6c3aa9a78964fc0b052a,APPROVED,59:24:00,33:37.6,2053.143,21,106,0,100,27:58:00,30C8DBAC,Poland,Poland,DATA EXPIRED,Polish,Poland,Male,DATA EXPIRED
86,603a6d35165f9864f6de9cb1,APPROVED,03:01:00,21:20.1,1098.529,21,163,0,100,27:59:00,30C8DBAC,Portugal,Portugal,Part-Time,Portuguese,Portugal,Female,DATA EXPIRED
88,603a6d78c71a1c5f3a1d4cfe,APPROVED,04:14:00,42:47.6,2313.688,20,136,1,100,28:01:00,30C8DBAC,Spain,Spain,DATA EXPIRED,Spanish,Spain,Female,Yes
321,603a6f19e2105065f2e67a42,APPROVED,11:05:00,07:45.3,3399.426,37,92,1,100,28:02:00,30C8DBAC,United Kingdom,United Kingdom,Full-Time,English,United Kingdom,Female,No
300,603a7090a4df1d5d3e55ec44,APPROVED,17:20:00,59:42.5,2541.597,22,160,2,99,28:04:00,30C8DBAC,Portugal,Portugal,Unemployed (and job seeking),Portuguese,Portugal,Male,No
61,603a715886b21c655467e518,APPROVED,20:40:00,36:46.3,965.996,25,403,1,100,28:05:00,30C8DBAC,Portugal,Portugal,Full-Time,Portuguese,Portugal,Male,No
130,603a71589225b45d11399455,APPROVED,20:40:00,34:44.5,843.741,21,154,2,99,28:07:00,30C8DBAC,Poland,Poland,DATA EXPIRED,Polish,Poland,Male,Yes
50,603a7200302d0748dcfecb5a,APPROVED,23:28:00,44:24.2,1255.469,30,272,1,100,28:08:00,30C8DBAC,Mexico,Mexico,Full-Time,DATA EXPIRED,Mexico,Male,No
78,603a727d0ec4d35e5e997ac8,APPROVED,25:33:00,44:03.9,1110.151,29,340,5,98,28:10:00,30C8DBAC,Mexico,Mexico,Part-Time,Spanish,Mexico,Male,No
156,603a72bb8d9a2b65b52e1577,APPROVED,26:38:00,47:17.5,1239.464,41,238,1,100,28:12:00,30C8DBAC,Spain,Spain,Full-Time,Spanish,Spain,Male,No
31,603a72ed36b1e5667c68c37b,APPROVED,27:25:00,50:26.5,1381.223,22,451,0,100,28:13:00,30C8DBAC,Italy,Italy,DATA EXPIRED,Italian,Italy,Male,DATA EXPIRED
229,603a74229e00975f80d3fcc3,APPROVED,32:34:00,51:02.5,1108.065,24,97,0,100,28:16:00,30C8DBAC,Italy,Spain,Other,Italian,Italy,Male,Yes
93,603a74b3b97f8566f91cd91c,APPROVED,34:59:00,51:38.3,998.495,27,189,3,99,28:17:00,30C8DBAC,Italy,Italy,DATA EXPIRED,Italian,Italy,Female,DATA EXPIRED
12,603a75b7b3152f676fc5063c,APPROVED,39:19:00,07:52.1,1713.12,24,396,2,100,28:18:00,30C8DBAC,Mexico,Mexico,DATA EXPIRED,Spanish,Mexico,Male,Yes
253,603a75f4e8d8bd677e2705dd,APPROVED,40:20:00,59:36.1,1156.028,26,123,2,98,28:20:00,30C8DBAC,Italy,Italy,DATA EXPIRED,Italian,Italy,Female,DATA EXPIRED
231,603a76b3293b954927775962,APPROVED,43:31:00,12:18.3,1726.763,21,99,0,100,28:22:00,30C8DBAC,Slovenia,Slovenia,DATA EXPIRED,Slovenian,Slovenia,Female,DATA EXPIRED
215,603a77747a63f5679aa59770,APPROVED,46:44:00,11:56.1,1512.035,23,88,0,100,28:23:00,30C8DBAC,Poland,Poland,DATA EXPIRED,Polish,Poland,Female,DATA EXPIRED
275,603a77bfa9a78966d0011f79,APPROVED,47:59:00,03:51.2,951.857,19,79,2,99,28:25:00,30C8DBAC,Poland,Poland,DATA EXPIRED,Polish,Poland,Male,DATA EXPIRED
319,603a7d5a9936a266cc90fe40,APPROVED,12:00:00,31:42.5,1182.145,20,50,0,100,28:26:00,30C8DBAC,Poland,Poland,DATA EXPIRED,Polish,Poland,Male,DATA EXPIRED
168,603a7e512eb1955f9e59ec26,APPROVED,16:01:00,30:45.1,782083.44,30,189,0,100,30:46:00,Manual Completion,Hungary,Hungary,Full-Time,Hungarian,Hungary,Male,No
282,603a7e85d1aca660363daac6,APPROVED,16:53:00,43:42.0,1608.172,33,42,2,94,28:27:00,30C8DBAC,Mexico,Mexico,Full-Time,Spanish,Mexico,Prefer not to say,Yes
259,603a7f19dde61e60cad40b27,APPROVED,19:21:00,40:18.8,1257.561,20,108,5,92,28:28:00,30C8DBAC,Poland,Portugal,Full-Time,Portuguese,Portugal,Male,Yes
98,603a81711c38de6081779690,APPROVED,29:21:00,48:08.0,1126.309,21,175,0,100,28:30:00,30C8DBAC,Poland,Poland,Full-Time,Polish,Poland,Male,No
94,603a82fc3234e5691f7ad850,APPROVED,35:56:00,01:17.6,1521.15,28,208,0,100,28:31:00,30C8DBAC,Italy,Italy,Full-Time,Italian,Italy,Male,No
189,603a8fab8512c26ab9b09580,APPROVED,30:03:00,53:24.7,1401.306,23,71,2,99,28:36:00,30C8DBAC,Poland,Poland,DATA EXPIRED,Polish,Poland,Female,DATA EXPIRED
310,603a90e2302d074e131e9ae1,APPROVED,35:14:00,54:24.8,1150.187,21,122,0,100,28:37:00,30C8DBAC,Mexico,Mexico,Part-Time,Spanish,Mexico,Male,Yes
203,603a99495275b96c51fa3247,APPROVED,11:05:00,36:47.8,1542.063,32,284,6,98,28:39:00,30C8DBAC,South Africa,South Africa,Full-Time,Afrikaans,South Africa,Male,Yes
26,603a9b1c95a5a064badb51c7,APPROVED,18:52:00,33:09.3,857.204,22,237,5,98,28:40:00,30C8DBAC,Poland,Poland,Unemployed (and job seeking),Polish,Poland,Male,Yes
159,603a9b27b5e5396cfeeddebf,APPROVED,19:03:00,33:45.7,882.026,21,161,0,100,28:42:00,30C8DBAC,Italy,Italy,"Not in paid work (e.g. homemaker', 'retired or disabled)",Italian,Italy,Male,Yes
286,603a9d12ae671e6e123014e5,APPROVED,27:14:00,46:58.6,1184.023,23,158,1,100,28:43:00,30C8DBAC,Portugal,Portugal,Other,Portuguese,Portugal,Female,Yes
182,603aa406f5752166ae37975d,APPROVED,56:54:00,13:40.5,1006.249,21,171,0,100,28:44:00,30C8DBAC,Poland,Poland,DATA EXPIRED,Polish,Poland,Female,Yes
44,603aa485db90426e57cc21c7,APPROVED,59:01:00,15:41.6,1000.25,28,688,4,100,28:46:00,30C8DBAC,Ghana,United Kingdom,DATA EXPIRED,English,United Kingdom,Female,Yes
233,603aa64c19f26367006f13de,APPROVED,06:36:00,26:01.4,1164.887,20,80,2,99,28:48:00,30C8DBAC,Estonia,Estonia,DATA EXPIRED,Estonian,Estonia,Female,No
107,603aa7165efcd866a42ce772,APPROVED,09:58:00,29:15.1,1156.76,27,169,4,97,28:50:00,30C8DBAC,Russian Federation,Belgium,Part-Time,Dutch,Belgium,Female,Yes
223,603aaddb16b3896f45dfbf1c,APPROVED,38:56:00,56:26.4,1049.55,39,578,3,100,28:51:00,30C8DBAC,United Kingdom,United Kingdom,Part-Time,English,United Kingdom,Male,No
316,603ab882d98e956a246aac8c,APPROVED,24:18:00,54:21.7,1803.707,25,50,0,100,28:53:00,30C8DBAC,Hungary,Hungary,Other,Hungarian,Hungary,Male,Yes
169,603abc86c3d1cf17b5150e5e,APPROVED,41:26:00,58:28.4,1022.23,26,184,0,100,28:54:00,30C8DBAC,Italy,Italy,DATA EXPIRED,Italian,Italy,Male,Yes
150,603abed3db9042722c6c2183,APPROVED,51:15:00,20:13.7,1738.013,24,178,3,99,28:55:00,30C8DBAC,Portugal,Portugal,DATA EXPIRED,Portuguese,Portugal,Male,No
97,603abfe5b6ca3373076dc565,APPROVED,55:49:00,13:52.6,1082.835,37,229,1,100,28:57:00,30C8DBAC,Italy,Italy,Part-Time,Italian,Italy,Female,No
268,603ac59e6aac097297cf90a6,APPROVED,20:14:00,38:17.2,1082.837,26,113,1,99,28:58:00,30C8DBAC,Italy,Italy,Part-Time,Italian,Italy,Female,Yes
267,603acf9a8d17d8756e75ecbe,APPROVED,02:50:00,21:37.7,1126.773,24,91,0,100,29:01:00,30C8DBAC,Mexico,Mexico,DATA EXPIRED,Spanish,Mexico,Female,DATA EXPIRED
113,603ad84fab9d376ede9a432c,APPROVED,39:59:00,54:20.4,860.888,22,254,0,100,29:03:00,30C8DBAC,Greece,Greece,Unemployed (and job seeking),Greek,Greece,Male,Yes
219,603ade4a689f94779453b398,APPROVED,05:34:00,25:48.0,1213.471,27,295,5,98,29:04:00,30C8DBAC,United Kingdom,United Kingdom,Full-Time,Bengali,United Kingdom,Female,No
199,603adef58d17d875e64ed95c,APPROVED,08:30:00,30:55.6,1345.336,20,146,1,100,29:05:00,30C8DBAC,Poland,Poland,"Not in paid work (e.g. homemaker', 'retired or disabled)",Polish,Poland,Female,Yes
141,603aeb091e9e5e5a74d409a2,APPROVED,59:53:00,25:24.1,1531.05,28,226,2,99,29:07:00,30C8DBAC,Mexico,Mexico,Full-Time,Spanish,Mexico,Female,Yes
205,603af06ec6dd2378b37eb3be,APPROVED,22:55:00,43:10.1,1215.14,22,98,0,100,29:08:00,30C8DBAC,Mexico,Mexico,Part-Time,Spanish,Mexico,Female,Yes
232,603b50a8e6e9917fdda34a70,APPROVED,13:37:00,29:44.4,966.658,24,83,1,100,29:10:00,30C8DBAC,Poland,Poland,Part-Time,Polish,Poland,Female,DATA EXPIRED
17,603b68eef27612636c89c1ea,APPROVED,57:04:00,57:14.5,9.618,50,305,6,98,29:13:00,30C8DBAC,Italy,Italy,Full-Time,Italian,Italy,Female,No
15,603b6a8eb948e881122e0ed0,APPROVED,03:58:00,21:07.8,1029.55,24,320,3,100,29:15:00,30C8DBAC,France,France,Part-Time,French,France,Male,No
324,603b6ff4f1306963d6fe634f,APPROVED,27:00:00,45:36.3,1115.742,21,58,1,98,29:16:00,30C8DBAC,Poland,Poland,DATA EXPIRED,Polish,Poland,Male,DATA EXPIRED
248,603b76b9d5147483557d6559,APPROVED,56:51:00,33:03.9,2172.506,29,252,0,100,29:17:00,30C8DBAC,United States,United States,DATA EXPIRED,English,DATA EXPIRED,Male,DATA EXPIRED
265,603b779515614a814700e68c,APPROVED,59:33:00,20:45.0,1271.533,20,161,0,100,29:19:00,30C8DBAC,Poland,Poland,Unemployed (and job seeking),Polish,Poland,Female,Yes
146,603b7d3815614a82a9b3e0cb,APPROVED,27:15:00,51:21.9,1445.939,23,91,0,100,29:20:00,30C8DBAC,Portugal,Portugal,DATA EXPIRED,Portuguese,DATA EXPIRED,Female,DATA EXPIRED
95,603b7d66f583af8196ca00f4,APPROVED,24:22:00,43:53.6,1171.111,27,197,2,100,29:21:00,30C8DBAC,Italy,Italy,DATA EXPIRED,Italian,Italy,Female,No
181,603b81ff28fe2f8376b3c4a2,APPROVED,43:59:00,13:21.4,1762.008,25,208,1,100,29:23:00,30C8DBAC,Spain,Spain,DATA EXPIRED,Spanish,Spain,Male,Yes
22,603bbb3f1e9e5e6d2c578cd1,APPROVED,48:15:00,16:01.5,1666.031,37,530,9,97,29:24:00,30C8DBAC,Italy,Italy,Full-Time,Italian,Italy,Male,No
180,603bbd0cffe72f820abf1143,APPROVED,55:58:00,14:33.2,1114.531,23,195,3,99,29:26:00,30C8DBAC,Poland,United Kingdom,Part-Time,Polish,Poland,Male,Yes
16,603bc836e62ae18d6f6eb108,APPROVED,43:34:00,30:46.4,697632.122,30,164,3,99,30:47:00,Manual Completion,Poland,Poland,Part-Time,Polish,Poland,Male,Yes
2,603bcb109936a28c92bd1fc1,APPROVED,55:46:00,11:50.9,964.195,28,1008,13,99,29:28:00,30C8DBAC,United Kingdom,United Kingdom,Full-Time,English,United Kingdom,Female,DATA EXPIRED
81,603bd523b3152f8e23b86007,APPROVED,38:49:00,21:20.3,2551.294,31,240,4,99,29:31:00,30C8DBAC,Italy,Italy,Full-Time,Italian,Italy,Female,Yes
198,603bd7c786b21c8e76350101,APPROVED,50:31:00,09:55.9,1164.375,23,36,2,97,29:33:00,30C8DBAC,Poland,Poland,DATA EXPIRED,Polish,Poland,Male,DATA EXPIRED
6,603bd95a5efcd888041728da,APPROVED,56:42:00,21:13.5,1471.173,23,385,3,100,29:34:00,30C8DBAC,United Kingdom,United Kingdom,Full-Time,English,United Kingdom,Female,No
315,603bdd32e210508f3da0fdfb,APPROVED,13:10:00,41:58.0,1727.321,26,41,1,96,29:36:00,30C8DBAC,Italy,Italy,DATA EXPIRED,Italian,Italy,Male,DATA EXPIRED
195,603be4db19f26389798eb77a,APPROVED,45:47:00,03:07.9,1040.329,32,75,0,100,29:37:00,30C8DBAC,South Africa,South Africa,Full-Time,English,South Africa,Female,No
323,603c052789c6cf8f143300b4,APPROVED,03:35:00,30:54.6,1639.518,24,42,1,100,29:39:00,30C8DBAC,United Kingdom,United Kingdom,Part-Time,English,United Kingdom,Female,No
297,603c06f89822988e52de329a,APPROVED,11:32:00,26:39.0,906.092,27,106,0,100,29:40:00,30C8DBAC,Netherlands,Netherlands,DATA EXPIRED,Dutch,Netherlands,Male,DATA EXPIRED
149,603c13308d9a2b98c592ec71,APPROVED,03:28:00,48:37.3,2709.153,20,209,2,99,29:41:00,30C8DBAC,Portugal,Portugal,Part-Time,Portuguese,Portugal,Female,Yes
279,603c260fc71a1c94c75c58b1,APPROVED,23:59:00,39:13.4,913.773,21,88,1,100,29:43:00,30C8DBAC,Netherlands,Netherlands,DATA EXPIRED,Dutch,Netherlands,Male,DATA EXPIRED
100,603ca192d1aca69de90165d5,APPROVED,10:58:00,30:48.4,641990.027,29,37,0,100,30:51:00,Manual Completion,Ukraine,Poland,DATA EXPIRED,Russian,Ukraine,Female,DATA EXPIRED
59,603caa7279e3549eb28cd1f8,APPROVED,49:03:00,50:29.9,86.589,24,253,1,100,29:46:00,30C8DBAC,Greece,Greece,Full-Time,Greek,Greece,Male,No
328,603d065e9fc1feb573ff1675,APPROVED,24:06:00,47:45.4,1418.932,23,100,1,100,29:47:00,30C8DBAC,United Kingdom,United Kingdom,Unemployed (and job seeking),English,United Kingdom,Female,No
13,603d07a99936a2b4e751c17b,APPROVED,26:42:00,54:51.9,1689.024,22,72,2,96,29:49:00,30C8DBAC,Mexico,Mexico,Unemployed (and job seeking),Spanish,Mexico,Female,Yes
24,603d1a137a63f5ba42fc9f54,APPROVED,45:07:00,08:45.8,1418.315,28,146,4,96,29:50:00,30C8DBAC,Italy,Italy,Full-Time,Italian,Italy,Female,No
105,603d1a7a2eb195b2e4e4afa4,APPROVED,46:49:00,04:38.6,1068.642,21,112,1,100,29:52:00,30C8DBAC,Poland,Poland,Unemployed (and job seeking),Polish,Poland,Male,Yes
99,603d1f505e4acb019394749c,APPROVED,07:28:00,30:49.0,609800.867,26,115,4,97,30:50:00,Manual Completion,Poland,Poland,DATA EXPIRED,Polish,Poland,Male,DATA EXPIRED
38,603d2ae3b5e539bdd0015079,APPROVED,56:50:00,14:25.6,1054.739,22,229,0,100,29:55:00,30C8DBAC,Portugal,Portugal,DATA EXPIRED,Portuguese,Portugal,Male,DATA EXPIRED
128,603d2d974049aebcfa7ce9a1,APPROVED,08:23:00,29:58.5,1295.308,29,131,0,100,29:57:00,30C8DBAC,Portugal,Portugal,Part-Time,Portuguese,Portugal,Male,Yes
325,603d35f04cd6d7000bed9671,APPROVED,44:13:00,02:04.7,1071.315,20,41,0,100,29:59:00,30C8DBAC,Poland,Poland,Part-Time,Polish,Poland,Female,Yes
32,603d8fbadb9042cf1e91a0ec,APPROVED,07:06:00,07:54.3,47.509,55,1020,7,99,30:01:00,30C8DBAC,United Kingdom,United Kingdom,DATA EXPIRED,English,United Kingdom,Male,DATA EXPIRED
77,603e0af5158dc4db2d4bdaec,APPROVED,53:05:00,16:24.8,1399.085,57,510,3,99,30:04:00,30C8DBAC,United Kingdom,United Kingdom,Unemployed (and job seeking),English,United Kingdom,Male,No
143,603e92b8b54e6cf663037a9e,APPROVED,32:08:00,51:47.5,1178.785,36,60,1,100,30:07:00,30C8DBAC,United Kingdom,United Kingdom,DATA EXPIRED,English,United Kingdom,Male,DATA EXPIRED
139,603f802d2b6c0e00084d91a0,APPROVED,25:17:00,47:15.3,1317.502,33,106,2,97,30:10:00,30C8DBAC,United Kingdom,United Kingdom,Full-Time,English,United Kingdom,Female,No
42,6040dd43a5c8985cfb3a4e14,APPROVED,15:09:00,40:54.3,1544.446,50,384,5,99,30:12:00,30C8DBAC,United Kingdom,United Kingdom,"Not in paid work (e.g. homemaker', 'retired or disabled)",English,United Kingdom,Female,No
103,6040ed5774685b016e19a113,APPROVED,23:30:00,40:22.0,1011.221,23,231,0,100,30:13:00,30C8DBAC,Italy,Italy,Other,Italian,Italy,Male,Yes
176,60466e240520ab04560fdcce,APPROVED,34:12:00,57:38.8,1406.167,54,95,2,98,47:12:00,30C8DBAC,Mexico,Mexico,DATA EXPIRED,Spanish,Mexico,Male,DATA EXPIRED
308,603e20aca82afdd77cc17f5f,APPROVED,25:35:00,55:03.1,1767.548,23,66,0,100,35:15:00,30C8DBAC,Portugal,Portugal,Unemployed (and job seeking),Portuguese,Portugal,Female,Yes
118,6040fed2be895506aaaa9573,APPROVED,37:59:00,03:15.2,1515.549,40,154,0,100,35:16:00,30C8DBAC,United Kingdom,United Kingdom,Full-Time,English,United Kingdom,Male,No
43,60439467bacd9a35672edfed,APPROVED,40:42:00,03:03.2,1340.353,28,26,0,100,35:18:00,30C8DBAC,Bulgaria,United Kingdom,DATA EXPIRED,Bulgarian,Bulgaria,Female,DATA EXPIRED
