subject,Local.Date.D1,wof_order,wofoutcome1,Local.Date.D2,wofoutcome2,Local.Date.D1.Day,Local.Date.D2.Day,day_diff
272,2020-12-24T12:10:57Z,Winsec,0,2020-12-26T15:37:20Z,1,2020-12-24,2020-12-26,2
20,2020-12-24T12:24:18Z,Winfirst,1,2020-12-26T16:12:19Z,0,2020-12-24,2020-12-26,2
212,2020-12-24T15:56:00Z,Winfirst,1,2020-12-26T14:15:06Z,0,2020-12-24,2020-12-26,2
234,2020-12-24T15:05:01Z,Winfirst,1,2020-12-26T13:22:12Z,0,2020-12-24,2020-12-26,2
214,2020-12-24T18:29:50Z,Winfirst,1,2020-12-26T16:10:43Z,0,2020-12-24,2020-12-26,2
243,2020-12-25T16:30:40Z,Winsec,0,2020-12-26T22:01:57Z,1,2020-12-25,2020-12-26,1
76,2021-01-23T15:14:29Z,Winsec,0,2021-01-24T18:45:46Z,1,2021-01-23,2021-01-24,1
138,2021-01-25T17:01:46Z,Winfirst,1,2021-01-26T13:59:59Z,0,2021-01-25,2021-01-26,1
66,2021-01-25T18:08:31Z,Winfirst,1,2021-01-26T23:28:41Z,0,2021-01-25,2021-01-26,1
202,2021-01-25T18:08:31Z,Winfirst,1,2021-01-26T15:05:52Z,0,2021-01-25,2021-01-26,1
309,2021-01-25T12:37:01Z,Winfirst,1,2021-01-26T12:55:41Z,0,2021-01-25,2021-01-26,1
204,2021-01-25T18:49:24Z,Winfirst,1,2021-01-26T15:05:43Z,0,2021-01-25,2021-01-26,1
148,2021-01-25T20:58:32Z,Winfirst,1,2021-01-26T14:44:04Z,0,2021-01-25,2021-01-26,1
307,2021-01-25T23:42:14Z,Winsec,0,2021-01-26T13:08:04Z,1,2021-01-25,2021-01-26,1
14,2021-01-27T11:14:59Z,Winfirst,1,2021-01-29T17:58:07Z,0,2021-01-27,2021-01-29,2
206,2021-01-30T01:13:09Z,Winsec,0,2021-02-03T22:58:28Z,1,2021-01-30,2021-02-03,4
27,2021-01-30T12:58:13Z,Winfirst,1,2021-01-31T16:42:06Z,0,2021-01-30,2021-01-31,1
111,2021-01-30T13:02:06Z,Winsec,0,2021-01-31T15:15:48Z,1,2021-01-30,2021-01-31,1
264,2021-01-30T12:02:48Z,Winfirst,1,2021-01-31T18:26:02Z,0,2021-01-30,2021-01-31,1
47,2021-01-30T13:58:32Z,Winfirst,1,2021-01-31T17:34:06Z,0,2021-01-30,2021-01-31,1
41,2021-01-30T12:11:52Z,Winsec,0,2021-01-31T14:03:58Z,1,2021-01-30,2021-01-31,1
79,2021-01-30T12:11:53Z,Winfirst,1,2021-01-31T15:43:10Z,0,2021-01-30,2021-01-31,1
251,2021-01-30T13:16:50Z,Winsec,0,2021-02-01T00:46:45Z,1,2021-01-30,2021-02-01,2
52,2021-01-30T12:23:08Z,Winfirst,1,2021-01-31T15:47:19Z,0,2021-01-30,2021-01-31,1
7,2021-01-30T12:33:17Z,Winfirst,1,2021-01-31T15:47:23Z,0,2021-01-30,2021-01-31,1
183,2021-01-30T13:39:57Z,Winsec,0,2021-02-04T16:46:28Z,1,2021-01-30,2021-02-04,5
124,2021-01-30T13:42:21Z,Winfirst,1,2021-01-31T23:31:20Z,0,2021-01-30,2021-01-31,1
249,2021-01-30T13:45:51Z,Winfirst,1,2021-01-31T15:20:54Z,0,2021-01-30,2021-01-31,1
193,2021-01-30T12:46:30Z,Winsec,0,2021-01-31T15:35:27Z,1,2021-01-30,2021-01-31,1
283,2021-01-30T13:52:02Z,Winfirst,1,2021-01-31T20:22:54Z,0,2021-01-30,2021-01-31,1
89,2021-01-30T13:57:43Z,Winfirst,1,2021-01-31T20:27:06Z,0,2021-01-30,2021-01-31,1
211,2021-01-30T13:01:04Z,Winsec,0,2021-02-01T17:55:48Z,1,2021-01-30,2021-02-01,2
173,2021-01-30T14:15:18Z,Winsec,0,2021-01-31T15:29:15Z,1,2021-01-30,2021-01-31,1
25,2021-01-30T13:05:09Z,Winsec,0,2021-01-31T15:55:24Z,1,2021-01-30,2021-01-31,1
208,2021-01-30T08:26:39Z,Winfirst,1,2021-01-31T09:07:36Z,0,2021-01-30,2021-01-31,1
247,2021-01-30T14:27:39Z,Winfirst,1,2021-01-31T15:31:20Z,0,2021-01-30,2021-01-31,1
109,2021-01-30T14:33:42Z,Winfirst,1,2021-01-31T16:34:02Z,0,2021-01-30,2021-01-31,1
301,2021-01-30T13:34:02Z,Winfirst,1,2021-01-31T14:11:41Z,0,2021-01-30,2021-01-31,1
83,2021-01-30T15:00:02Z,Winsec,0,2021-01-31T16:40:37Z,1,2021-01-30,2021-01-31,1
290,2021-01-30T14:34:46Z,Winsec,0,2021-01-31T16:56:59Z,1,2021-01-30,2021-01-31,1
172,2021-01-30T14:52:02Z,Winfirst,1,2021-01-31T15:49:59Z,0,2021-01-30,2021-01-31,1
236,2021-01-30T16:08:10Z,Winsec,0,2021-01-31T17:04:57Z,1,2021-01-30,2021-01-31,1
147,2021-01-30T15:19:31Z,Winfirst,1,2021-01-31T18:42:29Z,0,2021-01-30,2021-01-31,1
227,2021-01-30T16:28:44Z,Winfirst,1,2021-01-31T17:00:35Z,0,2021-01-30,2021-01-31,1
131,2021-01-30T15:28:56Z,Winsec,0,2021-02-01T14:40:52Z,1,2021-01-30,2021-02-01,2
110,2021-01-30T11:18:56Z,Winfirst,1,2021-01-31T13:04:15Z,0,2021-01-30,2021-01-31,1
201,2021-01-30T19:35:22Z,Winfirst,1,2021-01-31T18:31:25Z,0,2021-01-30,2021-01-31,1
266,2021-01-30T21:50:21Z,Winsec,0,2021-02-01T09:48:03Z,1,2021-01-30,2021-02-01,2
62,2021-01-30T21:08:30Z,Winsec,0,2021-01-31T22:07:59Z,1,2021-01-30,2021-01-31,1
250,2021-01-31T13:46:56Z,Winsec,0,2021-01-31T21:50:13Z,1,2021-01-31,2021-01-31,0
270,2021-01-31T15:09:18Z,Winsec,0,2021-02-02T12:39:51Z,1,2021-01-31,2021-02-02,2
261,2021-01-31T15:18:47Z,Winsec,0,2021-02-02T12:12:26Z,1,2021-01-31,2021-02-02,2
228,2021-01-31T23:45:14Z,Winfirst,1,2021-02-02T11:07:08Z,0,2021-01-31,2021-02-02,2
28,2021-02-01T09:10:05Z,Winfirst,1,2021-02-02T11:25:17Z,0,2021-02-01,2021-02-02,1
114,2021-02-03T22:53:54Z,Winfirst,1,2021-02-05T13:51:23Z,0,2021-02-03,2021-02-05,2
108,2021-02-25T18:57:08Z,Winsec,0,2021-02-27T14:01:18Z,1,2021-02-25,2021-02-27,2
215,2021-02-25T19:02:34Z,Winfirst,1,2021-02-27T17:59:53Z,0,2021-02-25,2021-02-27,2
226,2021-02-25T19:04:46Z,Winsec,0,2021-02-27T13:38:38Z,1,2021-02-25,2021-02-27,2
164,2021-02-25T19:06:48Z,Winfirst,1,2021-02-27T14:02:28Z,0,2021-02-25,2021-02-27,2
48,2021-02-25T19:12:28Z,Winfirst,1,2021-02-27T13:19:19Z,0,2021-02-25,2021-02-27,2
112,2021-02-25T20:12:54Z,Winsec,0,2021-02-27T14:30:55Z,1,2021-02-25,2021-02-27,2
74,2021-02-25T19:13:38Z,Winfirst,1,2021-02-27T14:04:39Z,0,2021-02-25,2021-02-27,2
144,2021-02-25T19:17:48Z,Winfirst,1,2021-02-27T13:22:04Z,0,2021-02-25,2021-02-27,2
289,2021-02-25T18:19:05Z,Winsec,0,2021-02-27T11:57:28Z,1,2021-02-25,2021-02-27,2
282,2021-02-25T12:23:12Z,Winsec,0,2021-02-27T11:33:21Z,1,2021-02-25,2021-02-27,2
170,2021-02-25T19:23:45Z,Winsec,0,2021-02-27T13:43:26Z,1,2021-02-25,2021-02-27,2
5,2021-02-25T18:23:51Z,Winsec,0,2021-02-27T12:14:00Z,1,2021-02-25,2021-02-27,2
11,2021-02-25T18:31:24Z,Winfirst,1,2021-02-27T12:51:19Z,0,2021-02-25,2021-02-27,2
320,2021-02-25T19:33:55Z,Winfirst,1,2021-02-27T13:40:13Z,0,2021-02-25,2021-02-27,2
107,2021-02-25T19:34:21Z,Winfirst,1,2021-02-27T21:20:52Z,0,2021-02-25,2021-02-27,2
92,2021-02-25T19:35:02Z,Winfirst,1,2021-02-27T13:13:15Z,0,2021-02-25,2021-02-27,2
240,2021-02-25T18:38:39Z,Winsec,0,2021-02-27T11:46:17Z,1,2021-02-25,2021-02-27,2
314,2021-02-25T12:54:11Z,Winfirst,1,2021-02-27T08:09:22Z,0,2021-02-25,2021-02-27,2
93,2021-02-25T19:56:45Z,Winfirst,1,2021-02-27T17:43:30Z,0,2021-02-25,2021-02-27,2
256,2021-02-25T18:57:26Z,Winfirst,1,2021-02-27T12:03:24Z,0,2021-02-25,2021-02-27,2
241,2021-02-25T18:58:49Z,Winsec,0,2021-02-27T11:53:15Z,1,2021-02-25,2021-02-27,2
94,2021-02-25T19:58:54Z,Winfirst,1,2021-02-27T18:52:43Z,0,2021-02-25,2021-02-27,2
255,2021-02-25T19:00:25Z,Winsec,0,2021-02-27T12:04:23Z,1,2021-02-25,2021-02-27,2
244,2021-02-25T20:00:36Z,Winsec,0,2021-02-27T15:24:10Z,1,2021-02-25,2021-02-27,2
322,2021-02-25T20:03:41Z,Winfirst,1,2021-02-27T13:14:40Z,0,2021-02-25,2021-02-27,2
257,2021-02-25T19:03:58Z,Winsec,0,2021-02-27T12:09:03Z,1,2021-02-25,2021-02-27,2
49,2021-02-25T21:09:59Z,Winsec,0,2021-02-27T15:03:14Z,1,2021-02-25,2021-02-27,2
98,2021-02-25T20:11:31Z,Winsec,0,2021-02-27T18:39:21Z,1,2021-02-25,2021-02-27,2
137,2021-02-25T19:13:36Z,Winfirst,1,2021-02-27T13:51:11Z,0,2021-02-25,2021-02-27,2
160,2021-02-25T20:14:51Z,Winsec,0,2021-02-27T13:08:32Z,1,2021-02-25,2021-02-27,2
203,2021-02-25T21:17:51Z,Winsec,0,2021-02-27T21:25:27Z,1,2021-02-25,2021-02-27,2
306,2021-02-25T20:19:31Z,Winfirst,1,2021-02-27T13:20:27Z,0,2021-02-25,2021-02-27,2
154,2021-02-25T20:21:57Z,Winfirst,1,2021-02-27T15:17:25Z,0,2021-02-25,2021-02-27,2
292,2021-02-25T19:25:01Z,Winfirst,1,2021-02-27T16:02:34Z,0,2021-02-25,2021-02-27,2
197,2021-02-25T19:25:17Z,Winsec,0,2021-02-27T11:53:09Z,1,2021-02-25,2021-02-27,2
133,2021-02-25T19:27:16Z,Winsec,0,2021-02-27T12:02:41Z,1,2021-02-25,2021-02-27,2
30,2021-02-25T19:31:57Z,Winfirst,1,2021-02-27T12:45:57Z,0,2021-02-25,2021-02-27,2
317,2021-02-25T19:33:27Z,Winfirst,1,2021-02-27T13:56:57Z,0,2021-02-25,2021-02-27,2
63,2021-02-25T20:34:20Z,Winsec,0,2021-02-27T14:53:20Z,1,2021-02-25,2021-02-27,2
190,2021-02-25T20:36:58Z,Winsec,0,2021-02-27T12:59:23Z,1,2021-02-25,2021-02-27,2
189,2021-02-25T20:37:50Z,Winfirst,1,2021-02-27T19:42:56Z,0,2021-02-25,2021-02-27,2
1,2021-02-25T19:42:02Z,Winsec,0,2021-02-27T13:54:16Z,1,2021-02-25,2021-02-27,2
296,2021-02-25T20:43:09Z,Winsec,0,2021-02-27T13:19:39Z,1,2021-02-25,2021-02-27,2
71,2021-02-25T20:43:26Z,Winsec,0,2021-02-27T12:55:00Z,1,2021-02-25,2021-02-27,2
274,2021-02-25T13:47:24Z,Winsec,0,2021-02-27T09:44:35Z,1,2021-02-25,2021-02-27,2
31,2021-02-25T20:47:50Z,Winsec,0,2021-02-27T17:40:43Z,1,2021-02-25,2021-02-27,2
186,2021-02-25T19:48:35Z,Winsec,0,2021-02-27T15:30:03Z,1,2021-02-25,2021-02-27,2
56,2021-02-25T21:53:49Z,Winsec,0,2021-02-27T13:55:21Z,1,2021-02-25,2021-02-27,2
86,2021-02-25T19:57:55Z,Winfirst,1,2021-02-27T16:13:39Z,0,2021-02-25,2021-02-27,2
313,2021-02-25T20:00:03Z,Winsec,0,2021-02-27T14:38:34Z,1,2021-02-25,2021-02-27,2
233,2021-02-25T22:04:55Z,Winsec,0,2021-02-27T22:16:59Z,1,2021-02-25,2021-02-27,2
167,2021-02-25T20:26:06Z,Winsec,0,2021-02-27T13:54:33Z,1,2021-02-25,2021-02-27,2
258,2021-02-25T20:29:34Z,Winfirst,1,2021-02-27T13:38:56Z,0,2021-02-25,2021-02-27,2
230,2021-02-25T20:31:44Z,Winsec,0,2021-02-27T11:57:47Z,1,2021-02-25,2021-02-27,2
176,2021-02-25T15:32:29Z,Winfirst,1,2021-03-08T13:46:12Z,0,2021-02-25,2021-03-08,11
285,2021-02-25T21:53:37Z,Winfirst,1,2021-02-27T13:02:56Z,0,2021-02-25,2021-02-27,2
300,2021-02-25T20:59:54Z,Winsec,0,2021-02-27T16:38:49Z,1,2021-02-25,2021-02-27,2
288,2021-02-25T22:34:30Z,Winfirst,1,2021-02-27T13:11:20Z,0,2021-02-25,2021-02-27,2
326,2021-02-25T23:50:39Z,Winsec,0,2021-02-27T14:42:31Z,1,2021-02-25,2021-02-27,2
158,2021-02-25T22:55:44Z,Winsec,0,2021-02-27T16:14:42Z,1,2021-02-25,2021-02-27,2
231,2021-02-25T23:04:46Z,Winsec,0,2021-02-27T18:04:03Z,1,2021-02-25,2021-02-27,2
168,2021-02-25T23:23:04Z,Winfirst,1,2021-02-27T19:35:13Z,0,2021-02-25,2021-02-27,2
179,2021-02-25T23:48:51Z,Winsec,0,2021-02-27T14:59:15Z,1,2021-02-25,2021-02-27,2
2,2021-02-25T23:07:24Z,Winsec,0,2021-02-28T17:03:52Z,1,2021-02-25,2021-02-28,3
332,2021-02-26T00:35:42Z,Winfirst,1,2021-02-27T13:11:45Z,0,2021-02-26,2021-02-27,1
252,2021-02-26T00:46:16Z,Winsec,0,2021-02-27T13:00:51Z,1,2021-02-26,2021-02-27,1
311,2021-02-26T00:46:22Z,Winsec,0,2021-02-27T13:28:38Z,1,2021-02-26,2021-02-27,1
225,2021-02-26T00:51:34Z,Winfirst,1,2021-02-27T15:02:53Z,0,2021-02-26,2021-02-27,1
8,2021-02-25T23:51:41Z,Winsec,0,2021-02-27T14:23:10Z,1,2021-02-25,2021-02-27,2
267,2021-02-25T16:52:21Z,Winsec,0,2021-02-27T16:13:04Z,1,2021-02-25,2021-02-27,2
33,2021-02-25T20:56:32Z,Winfirst,1,2021-02-27T11:42:57Z,0,2021-02-25,2021-02-27,2
295,2021-02-26T01:12:53Z,Winsec,0,2021-02-27T15:44:38Z,1,2021-02-26,2021-02-27,1
40,2021-02-26T01:13:05Z,Winsec,0,2021-02-27T15:38:02Z,1,2021-02-26,2021-02-27,1
199,2021-02-26T01:16:03Z,Winsec,0,2021-02-28T01:17:56Z,1,2021-02-26,2021-02-28,2
246,2021-02-26T00:30:54Z,Winfirst,1,2021-02-27T12:05:16Z,0,2021-02-26,2021-02-27,1
281,2021-02-26T02:31:55Z,Winfirst,1,2021-02-27T14:16:44Z,0,2021-02-26,2021-02-27,1
105,2021-02-26T03:47:55Z,Winfirst,1,2021-03-01T17:56:27Z,0,2021-02-26,2021-03-01,3
185,2021-02-26T03:01:15Z,Winsec,0,2021-02-27T13:40:17Z,1,2021-02-26,2021-02-27,1
153,2021-02-26T08:15:04Z,Winsec,0,2021-02-27T18:18:23Z,1,2021-02-26,2021-02-27,1
10,2021-02-25T23:37:38Z,Winfirst,1,2021-02-27T09:26:58Z,0,2021-02-25,2021-02-27,2
163,2021-02-26T05:52:28Z,Winfirst,1,2021-02-27T13:11:07Z,0,2021-02-26,2021-02-27,1
155,2021-02-26T08:34:10Z,Winfirst,1,2021-02-27T13:54:20Z,0,2021-02-26,2021-02-27,1
171,2021-02-26T07:43:40Z,Winfirst,1,2021-02-27T14:36:30Z,0,2021-02-26,2021-02-27,1
100,2021-02-26T08:36:25Z,Winsec,0,2021-03-01T10:25:49Z,1,2021-02-26,2021-03-01,3
220,2021-02-26T08:50:11Z,Winsec,0,2021-02-27T14:28:35Z,1,2021-02-26,2021-02-27,1
275,2021-02-26T08:52:40Z,Winsec,0,2021-02-27T17:56:47Z,1,2021-02-26,2021-02-27,1
115,2021-02-26T09:49:19Z,Winsec,0,2021-02-27T14:45:00Z,1,2021-02-26,2021-02-27,1
34,2021-02-26T09:55:05Z,Winsec,0,2021-02-27T12:51:41Z,1,2021-02-26,2021-02-27,1
195,2021-02-26T11:21:29Z,Winsec,0,2021-02-28T20:54:50Z,1,2021-02-26,2021-02-28,2
259,2021-02-26T09:28:25Z,Winfirst,1,2021-02-27T17:32:34Z,0,2021-02-26,2021-02-27,1
178,2021-02-26T10:28:39Z,Winfirst,1,2021-02-27T12:57:40Z,0,2021-02-26,2021-02-27,1
15,2021-02-26T10:31:18Z,Winfirst,1,2021-02-28T11:12:49Z,0,2021-02-26,2021-02-28,2
65,2021-02-26T10:46:06Z,Winsec,0,2021-02-27T13:32:33Z,1,2021-02-26,2021-02-27,1
130,2021-02-26T11:03:51Z,Winsec,0,2021-02-27T17:28:14Z,1,2021-02-26,2021-02-27,1
169,2021-02-26T14:16:59Z,Winsec,0,2021-02-27T22:51:07Z,1,2021-02-26,2021-02-27,1
262,2021-02-26T14:44:37Z,Winfirst,1,2021-02-27T12:19:55Z,0,2021-02-26,2021-02-27,1
149,2021-02-26T16:17:29Z,Winfirst,1,2021-02-28T22:20:03Z,0,2021-02-26,2021-02-28,2
321,2021-02-26T21:01:48Z,Winfirst,1,2021-02-27T16:31:12Z,0,2021-02-26,2021-02-27,1
37,2021-02-26T23:55:38Z,Winsec,0,2021-02-27T10:31:09Z,1,2021-02-26,2021-02-27,1
67,2021-02-27T11:14:32Z,Winfirst,1,2021-02-27T13:13:48Z,0,2021-02-27,2021-02-27,0
315,2021-02-27T15:47:24Z,Winsec,0,2021-02-28T19:24:56Z,1,2021-02-27,2021-02-28,1
95,2021-02-27T16:00:45Z,Winfirst,1,2021-02-28T12:34:28Z,0,2021-02-27,2021-02-28,1
180,2021-02-27T17:25:57Z,Winfirst,1,2021-02-28T17:06:06Z,0,2021-02-27,2021-02-28,1
17,2021-02-27T17:33:49Z,Winfirst,1,2021-02-27T18:01:52Z,0,2021-02-27,2021-02-27,0
323,2021-02-27T19:13:27Z,Winsec,0,2021-02-28T21:20:16Z,1,2021-02-27,2021-02-28,1
22,2021-02-27T23:32:11Z,Winfirst,1,2021-02-28T17:01:56Z,0,2021-02-27,2021-02-28,1
24,2021-02-28T09:48:13Z,Winsec,0,2021-03-01T18:01:16Z,1,2021-02-28,2021-03-01,1
77,2021-02-28T18:54:14Z,Winfirst,1,2021-03-02T10:06:08Z,0,2021-02-28,2021-03-02,2
325,2021-03-01T10:19:06Z,Winfirst,1,2021-03-01T19:54:14Z,0,2021-03-01,2021-03-01,0
99,2021-03-01T11:56:15Z,Winsec,0,2021-03-02T09:01:51Z,1,2021-03-01,2021-03-02,1
43,2021-03-03T20:08:15Z,Winfirst,1,2021-03-06T14:52:15Z,0,2021-03-03,2021-03-06,3
42,2021-03-03T19:14:29Z,Winfirst,1,2021-03-04T13:33:49Z,0,2021-03-03,2021-03-04,1
103,2021-03-03T13:27:57Z,Winfirst,1,2021-03-04T15:32:50Z,0,2021-03-03,2021-03-04,1
139,2021-03-01T19:31:59Z,Winfirst,1,2021-03-03T12:35:44Z,0,2021-03-01,2021-03-03,2
118,2021-02-28T12:12:33Z,Winfirst,1,2021-03-04T15:54:55Z,0,2021-02-28,2021-03-04,4
297,2021-02-28T00:17:39Z,Winfirst,1,2021-02-28T22:19:38Z,0,2021-02-28,2021-02-28,0
16,2021-02-27T20:48:03Z,Winsec,0,2021-03-01T20:42:46Z,1,2021-02-27,2021-03-01,2
81,2021-02-27T19:17:04Z,Winfirst,1,2021-02-28T18:58:17Z,0,2021-02-27,2021-02-28,1
265,2021-02-27T18:33:08Z,Winfirst,1,2021-02-28T12:11:02Z,0,2021-02-27,2021-02-28,1
324,2021-02-27T18:08:24Z,Winsec,0,2021-02-28T11:37:06Z,1,2021-02-27,2021-02-28,1
219,2021-02-27T16:29:36Z,Winsec,0,2021-02-28T00:16:08Z,1,2021-02-27,2021-02-28,1
44,2021-02-27T16:07:45Z,Winfirst,1,2021-02-27T20:08:02Z,0,2021-02-27,2021-02-27,0
248,2021-02-27T16:51:35Z,Winfirst,1,2021-02-28T12:13:02Z,0,2021-02-27,2021-02-28,1
328,2021-02-27T15:19:34Z,Winsec,0,2021-03-01T15:37:37Z,1,2021-02-27,2021-03-01,2
150,2021-02-27T14:49:58Z,Winsec,0,2021-02-27T22:06:57Z,1,2021-02-27,2021-02-27,0
198,2021-02-27T14:31:29Z,Winsec,0,2021-02-28T19:01:24Z,1,2021-02-27,2021-02-28,1
232,2021-02-27T14:26:27Z,Winfirst,1,2021-02-28T09:22:26Z,0,2021-02-27,2021-02-28,1
182,2021-02-27T13:57:34Z,Winsec,0,2021-02-27T21:05:56Z,1,2021-02-27,2021-02-27,0
279,2021-02-27T13:52:09Z,Winfirst,1,2021-03-01T00:32:17Z,0,2021-02-27,2021-03-01,2
308,2021-02-27T12:22:17Z,Winfirst,1,2021-03-02T11:40:18Z,0,2021-02-27,2021-03-02,3
223,2021-02-27T12:12:42Z,Winsec,0,2021-02-27T20:48:09Z,1,2021-02-27,2021-02-27,0
32,2021-02-27T11:58:12Z,Winfirst,1,2021-03-01T17:09:39Z,0,2021-02-27,2021-03-01,2
59,2021-02-27T13:40:46Z,Winsec,0,2021-02-28T19:53:05Z,1,2021-02-27,2021-02-28,1
217,2021-02-27T12:14:25Z,Winsec,0,2021-02-27T14:50:56Z,1,2021-02-27,2021-02-27,0
165,2021-02-27T11:06:54Z,Winfirst,1,2021-02-27T12:51:15Z,0,2021-02-27,2021-02-27,0
121,2021-02-27T11:35:49Z,Winsec,0,2021-02-27T14:02:05Z,1,2021-02-27,2021-02-27,0
73,2021-02-26T22:31:01Z,Winfirst,1,2021-02-27T13:01:42Z,0,2021-02-26,2021-02-27,1
222,2021-02-26T23:39:21Z,Winsec,0,2021-02-27T14:20:34Z,1,2021-02-26,2021-02-27,1
6,2021-02-26T21:37:38Z,Winfirst,1,2021-02-28T18:14:23Z,0,2021-02-26,2021-02-28,2
312,2021-02-26T20:54:13Z,Winsec,0,2021-02-27T12:14:35Z,1,2021-02-26,2021-02-27,1
129,2021-02-26T21:23:48Z,Winfirst,1,2021-02-27T14:15:47Z,0,2021-02-26,2021-02-27,1
26,2021-02-26T21:07:07Z,Winfirst,1,2021-02-27T20:26:38Z,0,2021-02-26,2021-02-27,1
88,2021-02-26T19:31:45Z,Winsec,0,2021-02-27T17:20:05Z,1,2021-02-26,2021-02-27,1
156,2021-02-26T19:23:26Z,Winsec,0,2021-02-27T17:38:36Z,1,2021-02-26,2021-02-27,1
91,2021-02-26T19:04:11Z,Winsec,0,2021-03-01T23:07:01Z,1,2021-02-26,2021-03-01,3
181,2021-02-26T17:53:42Z,Winfirst,1,2021-02-28T13:00:12Z,0,2021-02-26,2021-02-28,2
319,2021-02-26T17:38:39Z,Winsec,0,2021-02-27T18:23:39Z,1,2021-02-26,2021-02-27,1
205,2021-02-26T10:25:28Z,Winsec,0,2021-02-27T19:35:09Z,1,2021-02-26,2021-02-27,1
293,2021-02-26T14:37:16Z,Winfirst,1,2021-02-27T15:46:59Z,0,2021-02-26,2021-02-27,1
330,2021-02-26T15:16:00Z,Winfirst,1,2021-02-27T14:50:43Z,0,2021-02-26,2021-02-27,1
159,2021-02-26T13:42:23Z,Winfirst,1,2021-02-27T20:27:03Z,0,2021-02-26,2021-02-27,1
280,2021-02-26T13:35:40Z,Winsec,0,2021-02-27T13:11:04Z,1,2021-02-26,2021-02-27,1
213,2021-02-26T13:52:06Z,Winsec,0,2021-02-27T14:55:41Z,1,2021-02-26,2021-02-27,1
143,2021-02-26T11:50:19Z,Winfirst,1,2021-03-02T19:44:15Z,0,2021-02-26,2021-03-02,4
97,2021-02-26T12:29:37Z,Winsec,0,2021-02-27T23:05:48Z,1,2021-02-26,2021-02-27,1
128,2021-02-26T11:01:11Z,Winfirst,1,2021-03-01T18:20:23Z,0,2021-02-26,2021-03-01,3
55,2021-02-26T11:47:59Z,Winsec,0,2021-02-27T13:32:28Z,1,2021-02-26,2021-02-27,1
72,2021-02-26T10:25:21Z,Winfirst,1,2021-02-27T13:08:50Z,0,2021-02-26,2021-02-27,1
38,2021-02-26T09:50:50Z,Winfirst,1,2021-03-01T18:06:45Z,0,2021-02-26,2021-03-01,3
196,2021-02-26T10:02:48Z,Winfirst,1,2021-02-27T16:59:57Z,0,2021-02-26,2021-02-27,1
229,2021-02-26T07:51:45Z,Winsec,0,2021-02-27T17:43:11Z,1,2021-02-26,2021-02-27,1
50,2021-02-25T19:54:47Z,Winfirst,1,2021-02-27T10:34:36Z,0,2021-02-25,2021-02-27,2
287,2021-02-26T01:50:14Z,Winsec,0,2021-02-27T14:15:32Z,1,2021-02-26,2021-02-27,1
141,2021-02-25T18:21:58Z,Winsec,0,2021-02-27T19:13:56Z,1,2021-02-25,2021-02-27,2
145,2021-02-26T00:35:09Z,Winsec,0,2021-02-27T17:17:11Z,1,2021-02-26,2021-02-27,1
327,2021-02-25T23:28:28Z,Winfirst,1,2021-02-27T13:37:44Z,0,2021-02-25,2021-02-27,2
237,2021-02-25T23:18:30Z,Winfirst,1,2021-02-27T12:20:56Z,0,2021-02-25,2021-02-27,2
269,2021-02-26T01:06:17Z,Winfirst,1,2021-02-27T13:54:24Z,0,2021-02-26,2021-02-27,1
242,2021-02-25T22:52:33Z,Winfirst,1,2021-02-27T12:27:45Z,0,2021-02-25,2021-02-27,2
69,2021-02-25T23:38:44Z,Winsec,0,2021-02-27T13:22:06Z,1,2021-02-25,2021-02-27,2
329,2021-02-25T23:33:18Z,Winsec,0,2021-02-27T14:19:02Z,1,2021-02-25,2021-02-27,2
12,2021-02-25T16:10:44Z,Winfirst,1,2021-02-27T10:59:26Z,0,2021-02-25,2021-02-27,2
305,2021-02-25T22:08:30Z,Winsec,0,2021-02-27T11:58:03Z,1,2021-02-25,2021-02-27,2
175,2021-02-25T22:33:39Z,Winfirst,1,2021-02-27T13:27:11Z,0,2021-02-25,2021-02-27,2
29,2021-02-25T22:27:29Z,Winfirst,1,2021-02-27T13:09:17Z,0,2021-02-25,2021-02-27,2
253,2021-02-25T22:20:31Z,Winsec,0,2021-02-27T17:48:20Z,1,2021-02-25,2021-02-27,2
117,2021-02-25T22:12:42Z,Winsec,0,2021-02-27T13:07:38Z,1,2021-02-25,2021-02-27,2
294,2021-02-25T22:12:33Z,Winsec,0,2021-02-27T15:31:41Z,1,2021-02-25,2021-02-27,2
101,2021-02-25T20:42:19Z,Winfirst,1,2021-02-27T12:50:07Z,0,2021-02-25,2021-02-27,2
61,2021-02-25T20:37:54Z,Winfirst,1,2021-02-27T16:29:37Z,0,2021-02-25,2021-02-27,2
277,2021-02-25T20:34:45Z,Winfirst,1,2021-02-27T12:03:33Z,0,2021-02-25,2021-02-27,2
238,2021-02-25T20:33:59Z,Winsec,0,2021-02-27T11:58:30Z,1,2021-02-25,2021-02-27,2
302,2021-02-25T20:19:07Z,Winfirst,1,2021-02-27T12:26:22Z,0,2021-02-25,2021-02-27,2
316,2021-02-25T21:04:25Z,Winfirst,1,2021-02-27T22:43:39Z,0,2021-02-25,2021-02-27,2
136,2021-02-25T22:03:59Z,Winsec,0,2021-02-27T13:57:13Z,1,2021-02-25,2021-02-27,2
39,2021-02-25T20:00:33Z,Winsec,0,2021-02-27T13:04:01Z,1,2021-02-25,2021-02-27,2
126,2021-02-25T20:56:47Z,Winfirst,1,2021-02-27T12:59:48Z,0,2021-02-25,2021-02-27,2
78,2021-02-25T13:54:41Z,Winfirst,1,2021-02-27T10:35:51Z,0,2021-02-25,2021-02-27,2
303,2021-02-25T19:56:13Z,Winfirst,1,2021-02-27T11:46:03Z,0,2021-02-25,2021-02-27,2
166,2021-02-25T19:52:16Z,Winfirst,1,2021-02-27T13:36:13Z,0,2021-02-25,2021-02-27,2
85,2021-02-25T20:43:07Z,Winfirst,1,2021-02-27T12:41:30Z,0,2021-02-25,2021-02-27,2
70,2021-02-25T20:24:06Z,Winfirst,1,2021-02-27T12:59:57Z,0,2021-02-25,2021-02-27,2
23,2021-02-25T19:23:56Z,Winsec,0,2021-02-27T13:06:39Z,1,2021-02-25,2021-02-27,2
113,2021-02-25T21:23:43Z,Winsec,0,2021-02-28T01:47:41Z,1,2021-02-25,2021-02-28,3
162,2021-02-25T20:17:56Z,Winsec,0,2021-02-27T13:53:51Z,1,2021-02-25,2021-02-27,2
9,2021-02-25T19:17:41Z,Winfirst,1,2021-02-27T12:14:58Z,0,2021-02-25,2021-02-27,2
331,2021-02-25T20:14:30Z,Winfirst,1,2021-02-27T13:02:19Z,0,2021-02-25,2021-02-27,2
210,2021-02-25T21:12:48Z,Winsec,0,2021-02-27T15:47:08Z,1,2021-02-25,2021-02-27,2
58,2021-02-25T20:10:32Z,Winfirst,1,2021-02-27T16:11:40Z,0,2021-02-25,2021-02-27,2
4,2021-02-25T20:09:28Z,Winsec,0,2021-02-27T12:59:54Z,1,2021-02-25,2021-02-27,2
174,2021-02-25T21:09:14Z,Winfirst,1,2021-02-27T13:57:58Z,0,2021-02-25,2021-02-27,2
13,2021-02-25T13:07:16Z,Winfirst,1,2021-03-01T09:41:58Z,0,2021-02-25,2021-03-01,4
146,2021-02-25T19:07:13Z,Winfirst,1,2021-02-28T11:41:14Z,0,2021-02-25,2021-02-28,3
135,2021-02-25T19:02:07Z,Winsec,0,2021-02-27T13:41:43Z,1,2021-02-25,2021-02-27,2
268,2021-02-25T19:53:19Z,Winsec,0,2021-02-27T23:30:20Z,1,2021-02-25,2021-02-27,2
106,2021-02-25T19:49:49Z,Winsec,0,2021-02-27T13:02:15Z,1,2021-02-25,2021-02-27,2
273,2021-02-25T19:49:08Z,Winsec,0,2021-02-27T12:51:58Z,1,2021-02-25,2021-02-27,2
194,2021-02-25T18:42:16Z,Winsec,0,2021-02-27T12:12:41Z,1,2021-02-25,2021-02-27,2
318,2021-02-25T18:40:07Z,Winfirst,1,2021-02-27T12:08:16Z,0,2021-02-25,2021-02-27,2
271,2021-02-25T18:29:21Z,Winfirst,1,2021-02-27T12:04:44Z,0,2021-02-25,2021-02-27,2
286,2021-02-25T18:16:59Z,Winfirst,1,2021-02-27T19:36:20Z,0,2021-02-25,2021-02-27,2
216,2021-02-25T18:15:12Z,Winfirst,1,2021-02-27T12:12:03Z,0,2021-02-25,2021-02-27,2
157,2021-02-25T19:10:04Z,Winsec,0,2021-02-27T14:10:03Z,1,2021-02-25,2021-02-27,2
134,2021-02-25T18:08:08Z,Winsec,0,2021-02-27T13:21:34Z,1,2021-02-25,2021-02-27,2
310,2021-02-25T12:07:28Z,Winsec,0,2021-02-27T12:45:19Z,1,2021-02-25,2021-02-27,2
184,2021-02-25T18:01:14Z,Winsec,0,2021-02-27T12:11:42Z,1,2021-02-25,2021-02-27,2
35,2021-02-25T18:00:25Z,Winsec,0,2021-02-27T13:30:57Z,1,2021-02-25,2021-02-27,2
51,2021-02-10T16:07:18Z,Winsec,0,2021-02-11T16:56:03Z,1,2021-02-10,2021-02-11,1
82,2021-02-04T19:46:15Z,Winfirst,1,2021-02-05T11:07:45Z,0,2021-02-04,2021-02-05,1
298,2021-02-01T11:12:51Z,Winfirst,1,2021-02-03T21:06:18Z,0,2021-02-01,2021-02-03,2
132,2021-02-01T08:24:58Z,Winfirst,1,2021-02-02T08:28:26Z,0,2021-02-01,2021-02-02,1
46,2021-01-30T18:05:16Z,Winfirst,1,2021-01-31T18:17:47Z,0,2021-01-30,2021-01-31,1
120,2021-01-30T22:49:03Z,Winfirst,1,2021-02-01T12:48:26Z,0,2021-01-30,2021-02-01,2
152,2021-01-30T22:30:50Z,Winfirst,1,2021-02-01T12:42:27Z,0,2021-01-30,2021-02-01,2
299,2021-01-30T22:08:53Z,Winsec,0,2021-01-31T22:33:34Z,1,2021-01-30,2021-01-31,1
260,2021-01-30T22:46:32Z,Winsec,0,2021-01-31T17:01:56Z,1,2021-01-30,2021-01-31,1
119,2021-01-30T21:38:10Z,Winfirst,1,2021-01-31T15:32:54Z,0,2021-01-30,2021-01-31,1
188,2021-01-30T22:07:36Z,Winsec,0,2021-01-31T17:17:18Z,1,2021-01-30,2021-01-31,1
235,2021-01-30T20:47:42Z,Winfirst,1,2021-01-31T23:56:56Z,0,2021-01-30,2021-01-31,1
142,2021-01-30T20:31:30Z,Winsec,0,2021-02-01T10:42:40Z,1,2021-01-30,2021-02-01,2
209,2021-01-30T15:23:51Z,Winsec,0,2021-01-31T20:05:08Z,1,2021-01-30,2021-01-31,1
140,2021-01-30T15:18:02Z,Winsec,0,2021-01-31T16:02:25Z,1,2021-01-30,2021-01-31,1
278,2021-01-30T14:22:51Z,Winfirst,1,2021-01-31T16:07:33Z,0,2021-01-30,2021-01-31,1
21,2021-01-30T19:05:19Z,Winsec,0,2021-01-31T19:40:15Z,1,2021-01-30,2021-01-31,1
151,2021-01-30T18:53:38Z,Winfirst,1,2021-01-31T15:06:00Z,0,2021-01-30,2021-01-31,1
3,2021-01-30T17:38:02Z,Winfirst,1,2021-01-31T18:52:10Z,0,2021-01-30,2021-01-31,1
104,2021-01-30T18:33:30Z,Winsec,0,2021-01-31T15:17:25Z,1,2021-01-30,2021-01-31,1
60,2021-01-30T18:28:07Z,Winfirst,1,2021-02-01T10:24:16Z,0,2021-01-30,2021-02-01,2
57,2021-01-30T18:21:46Z,Winfirst,1,2021-01-31T15:29:32Z,0,2021-01-30,2021-01-31,1
36,2021-01-30T16:52:18Z,Winfirst,1,2021-01-31T15:54:43Z,0,2021-01-30,2021-01-31,1
221,2021-01-30T17:20:51Z,Winsec,0,2021-01-31T15:01:47Z,1,2021-01-30,2021-01-31,1
192,2021-01-30T09:50:46Z,Winsec,0,2021-01-31T22:04:03Z,1,2021-01-30,2021-01-31,1
207,2021-01-30T15:42:16Z,Winsec,0,2021-02-02T23:49:42Z,1,2021-01-30,2021-02-02,3
218,2021-01-30T15:18:52Z,Winsec,0,2021-01-31T15:39:53Z,1,2021-01-30,2021-01-31,1
245,2021-01-30T14:50:59Z,Winsec,0,2021-01-31T15:01:09Z,1,2021-01-30,2021-01-31,1
45,2021-01-30T13:36:19Z,Winfirst,1,2021-01-31T16:23:00Z,0,2021-01-30,2021-01-31,1
75,2021-01-30T13:24:05Z,Winsec,0,2021-01-31T20:45:06Z,1,2021-01-30,2021-01-31,1
161,2021-01-30T13:03:33Z,Winfirst,1,2021-01-31T16:31:53Z,0,2021-01-30,2021-01-31,1
276,2021-01-30T14:41:28Z,Winsec,0,2021-01-31T17:09:10Z,1,2021-01-30,2021-01-31,1
304,2021-01-30T12:39:36Z,Winsec,0,2021-01-31T15:34:09Z,1,2021-01-30,2021-01-31,1
291,2021-01-30T13:27:22Z,Winsec,0,2021-01-31T16:50:33Z,1,2021-01-30,2021-01-31,1
102,2021-01-30T13:09:25Z,Winsec,0,2021-01-31T15:46:33Z,1,2021-01-30,2021-01-31,1
127,2021-01-30T13:09:06Z,Winfirst,1,2021-01-31T15:22:46Z,0,2021-01-30,2021-01-31,1
116,2021-01-30T12:06:19Z,Winsec,0,2021-01-31T16:50:01Z,1,2021-01-30,2021-01-31,1
64,2021-01-30T13:04:41Z,Winfirst,1,2021-01-31T20:05:27Z,0,2021-01-30,2021-01-31,1
239,2021-01-30T12:00:09Z,Winsec,0,2021-01-31T15:28:39Z,1,2021-01-30,2021-01-31,1
19,2021-01-26T14:32:26Z,Winsec,0,2021-01-27T10:19:38Z,1,2021-01-26,2021-01-27,1
177,2021-01-26T11:30:05Z,Winsec,0,2021-01-26T15:43:36Z,1,2021-01-26,2021-01-26,0
187,2021-01-26T10:18:05Z,Winfirst,1,2021-01-26T13:46:01Z,0,2021-01-26,2021-01-26,0
54,2021-01-25T22:12:08Z,Winfirst,1,2021-01-26T19:55:37Z,0,2021-01-25,2021-01-26,1
200,2021-01-25T21:31:50Z,Winsec,0,2021-01-26T15:24:54Z,1,2021-01-25,2021-01-26,1
68,2021-01-25T19:12:19Z,Winsec,0,2021-01-26T18:13:21Z,1,2021-01-25,2021-01-26,1
254,2021-01-25T19:49:20Z,Winfirst,1,2021-01-26T17:29:19Z,0,2021-01-25,2021-01-26,1
90,2021-01-25T19:33:31Z,Winfirst,1,2021-01-26T15:02:22Z,0,2021-01-25,2021-01-26,1
80,2021-01-25T19:08:49Z,Winsec,0,2021-01-26T14:25:21Z,1,2021-01-25,2021-01-26,1
224,2021-01-25T17:52:40Z,Winsec,0,2021-01-26T13:42:36Z,1,2021-01-25,2021-01-26,1
87,2021-01-25T19:45:17Z,Winsec,0,2021-01-26T15:56:04Z,1,2021-01-25,2021-01-26,1
18,2021-01-25T17:29:39Z,Winsec,0,2021-01-26T15:04:59Z,1,2021-01-25,2021-01-26,1
125,2021-01-25T17:26:50Z,Winsec,0,2021-01-26T14:18:40Z,1,2021-01-25,2021-01-26,1
122,2021-01-25T17:24:58Z,Winsec,0,2021-01-26T14:01:29Z,1,2021-01-25,2021-01-26,1
53,2021-01-25T18:23:11Z,Winsec,0,2021-01-26T18:27:58Z,1,2021-01-25,2021-01-26,1
191,2021-01-25T11:22:44Z,Winsec,0,2021-01-26T17:30:28Z,1,2021-01-25,2021-01-26,1
123,2021-01-25T19:08:43Z,Winfirst,1,2021-01-26T16:18:10Z,0,2021-01-25,2021-01-26,1
84,2021-01-25T18:07:15Z,Winsec,0,2021-01-26T17:42:39Z,1,2021-01-25,2021-01-26,1
263,2021-01-25T17:10:56Z,Winsec,0,2021-01-26T14:08:42Z,1,2021-01-25,2021-01-26,1
96,2021-01-25T18:02:23Z,Winfirst,1,2021-01-26T16:35:35Z,0,2021-01-25,2021-01-26,1
284,2020-12-17T14:42:42Z,Winfirst,1,2020-12-18T12:00:06Z,0,2020-12-17,2020-12-18,1
