subject,regression_coef,value
1,X1o,0.36502469939844
1,X2o,0.1945994030978955
1,X3o,0.06224576996710775
1,X1mo,0.06740609291847435
1,X2mo,-0.01740418061024415
1,X3mo,0.0018585495722929098
2,X1o,0.21339234711675997
2,X2o,0.05267008494750225
2,X3o,-0.05119069553682975
2,X1mo,-0.038666600922227796
2,X2mo,0.028868637853356804
2,X3mo,0.0428158843595786
3,X1o,0.0938711772693
3,X2o,0.045030530385900894
3,X3o,0.01219770620704115
3,X1mo,0.03681146174722995
3,X2mo,0.029313359187824826
3,X3mo,0.0029168763019186035
4,X1o,0.903132098643474
4,X2o,0.04967896370541393
4,X3o,0.04042307750796266
4,X1mo,0.0554603580518568
4,X2mo,0.03008025923205505
4,X3mo,-0.0017182960910982448
5,X1o,0.2594737430086475
5,X2o,0.178047460614995
5,X3o,-0.001982630617672995
5,X1mo,-0.129347654912937
5,X2mo,-0.03994553888583516
5,X3mo,-0.08537850318880245
6,X1o,0.04888718077610782
6,X2o,-0.022620621293177295
6,X3o,0.02718359964239005
6,X1mo,0.0067096828523872006
6,X2mo,-0.01998659515307163
6,X3mo,-0.012310660685920481
7,X1o,0.2098692254965355
7,X2o,0.024099534053221454
7,X3o,0.06132154493363995
7,X1mo,-0.014541411816511229
7,X2mo,0.0124649477613258
7,X3mo,0.0014406495745561748
8,X1o,0.014257476363156399
8,X2o,0.03098449488208299
8,X3o,0.025738538802615202
8,X1mo,-0.02249327547977402
8,X2mo,-0.0013563672305560298
8,X3mo,0.01427270285528864
9,X1o,0.784320462047207
9,X2o,0.241482572384735
9,X3o,0.06662750313078944
9,X1mo,0.09244773482340994
9,X2mo,0.044713544749668155
9,X3mo,0.010313918960989248
10,X1o,0.410552756306496
10,X2o,0.1251129779406884
10,X3o,-0.0159483969744909
10,X1mo,0.0333978723916031
10,X2mo,0.06496448577025325
10,X3mo,0.021317903556150493
11,X1o,0.35952272651044803
11,X2o,0.19926368142415
11,X3o,0.2735420321273355
11,X1mo,0.03161570977694445
11,X2mo,0.0844420597163848
11,X3mo,0.0106229302951262
12,X1o,0.07468902689383616
12,X2o,0.0772974461856038
12,X3o,0.0668139462285952
12,X1mo,0.00828755448925897
12,X2mo,-4.913023418190998e-4
12,X3mo,0.007916996998901445
13,X1o,0.13711296289484626
13,X2o,0.02834324591128795
13,X3o,0.010587414033682005
13,X1mo,0.025827736823215347
13,X2mo,0.0217805493950456
13,X3mo,0.02308157685108688
14,X1o,0.487844357142049
14,X2o,0.1583125708912935
14,X3o,0.134434034044765
14,X1mo,0.0341691484025
14,X2mo,0.022879969120883942
14,X3mo,-0.0026412472080174516
15,X1o,0.13290823540559735
15,X2o,0.0539844088180362
15,X3o,0.07819876452688285
15,X1mo,-0.0086972165629773009
15,X2mo,-0.008428441839887599
15,X3mo,-0.02258764937592895
16,X1o,0.3550519706778035
16,X2o,0.08506555575917671
16,X3o,0.0123792841176312
16,X1mo,0.037030904443698234
16,X2mo,0.03921378596018815
16,X3mo,-0.00264557806152754
17,X1o,0.08953461988031006
17,X2o,0.0928557777719007
17,X3o,0.10163946401304362
17,X1mo,0.0656881883570311
17,X2mo,0.0384061942130674
17,X3mo,-0.005916431127526798
18,X1o,0.6053055238029915
18,X2o,0.1148580850437455
18,X3o,0.03373897268204675
18,X1mo,0.0265506852453868
18,X2mo,-0.0238647917322978
18,X3mo,-0.017138515060857548
19,X1o,0.08725710267927994
19,X2o,0.0952915528603863
19,X3o,0.019958459199638554
19,X1mo,-0.008043506878832651
19,X2mo,-0.002450277253569751
19,X3mo,0.01934319570730231
20,X1o,0.568237163537307
20,X2o,0.12127643168712299
20,X3o,0.09320703427522756
20,X1mo,0.10876229725338946
20,X2mo,0.04607221883205095
20,X3mo,0.017129939456082745
21,X1o,0.24176715240785102
21,X2o,0.0821525194838548
21,X3o,0.041125632496449405
21,X1mo,0.0396812480691163
21,X2mo,0.0778679100955588
21,X3mo,0.0732605039663124
22,X1o,1.12956441416156
22,X2o,0.14358981761055944
22,X3o,0.05752834714673715
22,X1mo,0.1089233165154805
22,X2mo,0.0371182525313204
22,X3mo,-0.051569135331091254
23,X1o,0.294775751237972
23,X2o,0.12386394536038636
23,X3o,0.14899246515842252
23,X1mo,0.047891464589027447
23,X2mo,0.0013721574298459008
23,X3mo,-0.03352746455568064
24,X1o,0.294757297444669
24,X2o,0.11645424604113275
24,X3o,0.1682296672483165
24,X1mo,0.0452748688945152
24,X2mo,0.00850525609689712
24,X3mo,-7.520291584756002e-4
25,X1o,0.1670766645273015
25,X2o,0.044001537544329124
25,X3o,0.0343027532381552
25,X1mo,0.012908596287715325
25,X2mo,-0.014175172557257799
25,X3mo,0.012776935810763215
26,X1o,0.14365438244894602
26,X2o,0.1381567590612225
26,X3o,0.1700921176668015
26,X1mo,0.048892351864131794
26,X2mo,0.05208754782414425
26,X3mo,0.0016437468488558248
27,X1o,0.0112115387695573
27,X2o,-0.0749261592546281
27,X3o,0.0520528720487354
27,X1mo,0.024311556625756
27,X2mo,-0.00515836999799916
27,X3mo,-0.00581259841516812
28,X1o,0.8062461930555664
28,X2o,0.18872721296759026
28,X3o,0.1594608992437155
28,X1mo,0.02194732547868565
28,X2mo,0.0601782886635783
28,X3mo,-0.01720548267125015
29,X1o,0.4810202530092365
29,X2o,0.1667291427098325
29,X3o,0.1725983540970005
29,X1mo,0.101593951686623
29,X2mo,0.0962576124606489
29,X3mo,0.0739577695279108
30,X1o,0.3090136135642645
30,X2o,0.08745285395058669
30,X3o,0.0882106220757346
30,X1mo,0.03439114973300145
30,X2mo,0.0439376408893955
30,X3mo,-0.01058017990637856
31,X1o,0.08697334439419875
31,X2o,0.008513504393544338
31,X3o,0.054722500235961494
31,X1mo,0.019448810440091516
31,X2mo,0.0173863238185078
31,X3mo,-1.8223137136433006e-4
32,X1o,0.5536630990603435
32,X2o,0.020882116732100053
32,X3o,0.06516109746838868
32,X1mo,0.09338691772047975
32,X2mo,0.09946208976352641
32,X3mo,-0.03982727549234575
33,X1o,-0.021995428633828897
33,X2o,-0.03697553629574431
33,X3o,-0.07839757595255437
33,X1mo,0.04104355139204745
33,X2mo,0.058042552896525504
33,X3mo,0.0235294623470038
34,X1o,0.10594178572762955
34,X2o,0.049816880300106905
34,X3o,0.07082185362318766
34,X1mo,0.0068932345051196005
34,X2mo,0.00722386337248823
34,X3mo,-3.752507031951906e-4
35,X1o,0.2336838353337325
35,X2o,0.2140361770408175
35,X3o,0.103826499852617
35,X1mo,-0.011173298378863949
35,X2mo,0.0027866567850503505
35,X3mo,0.011473533450570976
36,X1o,0.8942790251598041
36,X2o,0.220944195293987
36,X3o,0.0187623948074529
36,X1mo,0.0947096965728647
36,X2mo,0.0100060224682013
36,X3mo,-0.011837121178981676
37,X1o,0.45777864601585705
37,X2o,0.0907738245003788
37,X3o,0.06732378160462485
37,X1mo,0.010346915227395845
37,X2mo,0.04019591681923706
37,X3mo,0.02606978394288855
38,X1o,0.06126488948804805
38,X2o,0.024816841651432456
38,X3o,0.06697891409974689
38,X1mo,0.029375322238270014
38,X2mo,0.0017992850107348352
38,X3mo,-0.021955897023228005
39,X1o,0.10716260984468311
39,X2o,0.10471978251484876
39,X3o,0.0230415710794718
39,X1mo,0.031008553845478348
39,X2mo,-0.004023276812124501
39,X3mo,0.008534365480273164
40,X1o,0.3895102488042295
40,X2o,0.010773356884915805
40,X3o,0.190215640915477
40,X1mo,0.025822867071826648
40,X2mo,0.021492394916105
40,X3mo,0.01501038090275125
41,X1o,0.22804174741268401
41,X2o,0.0569486735008263
41,X3o,0.04045244095335785
41,X1mo,0.02370545358432275
41,X2mo,0.017696293399807828
41,X3mo,0.019745485580924475
42,X1o,0.08575689953087295
42,X2o,0.0515910337521012
42,X3o,0.00779477807418265
42,X1mo,0.005371755509577345
42,X2mo,0.014145139369002264
42,X3mo,0.03610279921548825
43,X1o,0.927175499053678
43,X2o,0.199415512491731
43,X3o,0.004438522379098945
43,X1mo,0.06683991276499895
43,X2mo,0.054841470746915505
43,X3mo,0.028890935494575103
44,X1o,0.354294529116877
44,X2o,0.05789548000228656
44,X3o,-0.010905256259409874
44,X1mo,-0.01942301835263161
44,X2mo,0.03805898327693315
44,X3mo,0.01715162686567235
45,X1o,0.16045859164856602
45,X2o,0.12270032446193449
45,X3o,0.0567103432573597
45,X1mo,0.04354366361019351
45,X2mo,0.0123077949676596
45,X3mo,-0.02442974174796055
46,X1o,0.10481765874240614
46,X2o,0.026568706084545
46,X3o,-0.038368704115984593
46,X1mo,0.0434298556588035
46,X2mo,0.027395811223002497
46,X3mo,0.001336320529290765
47,X1o,0.10293519591263711
47,X2o,0.137782876208062
47,X3o,0.1339205048356617
47,X1mo,-0.016125757082896347
47,X2mo,-0.053242402722528746
47,X3mo,0.01125667412480819
48,X1o,0.790380236344318
48,X2o,0.26767825506877396
48,X3o,0.15013557615007733
48,X1mo,0.0983325825654757
48,X2mo,-0.021926553605978748
48,X3mo,-0.0449717257662173
49,X1o,0.1868716718432295
49,X2o,0.05553531829866798
49,X3o,0.027080731845722288
49,X1mo,0.00509014792734932
49,X2mo,-0.01335997660060561
49,X3mo,-0.0475021142108856
50,X1o,0.12413006447443643
50,X2o,0.007604285902065761
50,X3o,-0.14461881252866593
50,X1mo,0.03245726642421905
50,X2mo,-0.022352412120241166
50,X3mo,0.019502079270970793
51,X1o,0.355547517300471
51,X2o,0.22283123341439048
51,X3o,0.13214561959281101
51,X1mo,0.05062617468111745
51,X2mo,5.974357108158024e-4
51,X3mo,0.02285810415125607
52,X1o,0.2479163793894185
52,X2o,0.0871308910341059
52,X3o,-0.0036005519585860404
52,X1mo,0.0474229295791897
52,X2mo,0.02094815619086665
52,X3mo,-0.0011175462441908503
53,X1o,0.00863049547555905
53,X2o,-0.0018106976094376648
53,X3o,-0.00507371650680137
53,X1mo,0.00626525270749042
53,X2mo,0.007674339437009556
53,X3mo,0.00125653312246109
54,X1o,0.0944855836866885
54,X2o,0.0486541159319006
54,X3o,0.05268092931176435
54,X1mo,-0.01014392441594395
54,X2mo,0.00613061142895206
54,X3mo,0.011972448238139779
55,X1o,0.058953024243631746
55,X2o,0.02197471183677955
55,X3o,0.0843327508679687
55,X1mo,0.03786209234965955
55,X2mo,0.01621765704135726
55,X3mo,0.011892376846356599
56,X1o,0.36721325099112756
56,X2o,0.1225851998521848
56,X3o,0.0745004576992565
56,X1mo,0.09942875596949635
56,X2mo,0.07789258940300545
56,X3mo,-0.02526664115771165
57,X1o,0.1325099737869505
57,X2o,0.033612864685864
57,X3o,0.010095841491958779
57,X1mo,0.017141303989396152
57,X2mo,0.0052059313549716
57,X3mo,-7.923685666899501e-4
58,X1o,0.4882407579861675
58,X2o,0.203344484302003
58,X3o,0.14922307887066139
58,X1mo,0.0851088673616187
58,X2mo,0.07524738738989845
58,X3mo,0.0287680016771663
59,X1o,0.15219269418008852
59,X2o,0.10947323564223219
59,X3o,0.17052997111515045
59,X1mo,0.0852087502727964
59,X2mo,-0.0271165567026408
59,X3mo,-0.027787041674873163
60,X1o,0.02044532343809765
60,X2o,-0.01986508433351376
60,X3o,0.03665623249659425
60,X1mo,0.0010667572486650844
60,X2mo,-0.0259506849643387
60,X3mo,-0.008045866438662596
61,X1o,0.175668855057055
61,X2o,0.07219505136881656
61,X3o,-0.00925718667636055
61,X1mo,0.0051853173858152505
61,X2mo,-0.0087654773808543765
61,X3mo,0.018228066719552325
62,X1o,0.694945466094606
62,X2o,0.24336927601177666
62,X3o,-0.0166109595237652
62,X1mo,-0.0411696302330114
62,X2mo,0.0045574508600092
62,X3mo,-0.041302117081195903
63,X1o,0.00721997996759286
63,X2o,-0.0166867190237357
63,X3o,-0.0190524111056341
63,X1mo,0.00781266397827977
63,X2mo,0.011222092661238
63,X3mo,-0.00277376905737996
64,X1o,0.07109056058730046
64,X2o,0.050595591189713705
64,X3o,0.03240939156208175
64,X1mo,0.003373580991266689
64,X2mo,0.005646986593685215
64,X3mo,0.018754514067202396
65,X1o,0.06497500171600726
65,X2o,0.08832870325920675
65,X3o,0.029624698643058153
65,X1mo,-3.5484728753740983e-4
65,X2mo,0.0237359380670094
65,X3mo,0.0019507382090517998
66,X1o,0.37769990572989254
66,X2o,0.3594759767601415
66,X3o,0.49872274516835147
66,X1mo,0.1093914131967291
66,X2mo,0.06437566909477516
66,X3mo,0.05038584143560515
67,X1o,-0.0299350293019793
67,X2o,0.0838765704487186
67,X3o,0.133286534515103
67,X1mo,0.0103723051920649
67,X2mo,-0.0268672264390549
67,X3mo,-0.00267318006508517
68,X1o,1.1487758133453
68,X2o,-0.016067132950507504
68,X3o,0.004277662140984599
68,X1mo,0.0673480292945962
68,X2mo,0.002131602879557999
68,X3mo,-0.0313435681719876
69,X1o,0.027433687323202553
69,X2o,-0.004947079915164621
69,X3o,0.01628680728269234
69,X1mo,-0.002444024473616255
69,X2mo,-0.0020780683443488296
69,X3mo,-1.992474744008514e-4
70,X1o,0.06314564071864705
70,X2o,0.0490032494677959
70,X3o,0.118586901144469
70,X1mo,0.0266136790556466
70,X2mo,0.020456821591430675
70,X3mo,-0.006399682552063625
71,X1o,0.17543700549984548
71,X2o,0.13715437666098856
71,X3o,-0.0450327197286982
71,X1mo,0.01063898096706105
71,X2mo,0.02190399157253
71,X3mo,0.00915001505973749
72,X1o,0.2738079643409645
72,X2o,0.06997646257004406
72,X3o,-0.02265949049691655
72,X1mo,-0.003978254880538448
72,X2mo,0.01090729508186616
72,X3mo,0.009936559913279075
73,X1o,1.063965311115916
73,X2o,0.244183169704984
73,X3o,0.07620320893210364
73,X1mo,0.2035547736548741
73,X2mo,0.00419630802426906
73,X3mo,-0.008352296030557082
74,X1o,0.012984896954118702
74,X2o,0.013002288028101855
74,X3o,0.04938683933611273
74,X1mo,0.006437148535735625
74,X2mo,0.025509631094254852
74,X3mo,0.010660519361428016
75,X1o,0.149686047982732
75,X2o,-0.025491393603623645
75,X3o,0.0054409861148963495
75,X1mo,-0.01123304482836685
75,X2mo,-0.00735342162616718
75,X3mo,-0.0114207156573833
76,X1o,0.06406400812281765
76,X2o,0.01912513597088928
76,X3o,-0.02982050845589915
76,X1mo,0.00767657861059913
76,X2mo,0.00145583616699723
76,X3mo,0.011348805984583451
77,X1o,0.2332488811900005
77,X2o,0.0522476245386021
77,X3o,0.03575906665929836
77,X1mo,0.04133818915335343
77,X2mo,0.0267025382393005
77,X3mo,0.0016676952315238525
78,X1o,0.0866782339204843
78,X2o,-0.0167382637835925
78,X3o,-0.0074589474310205045
78,X1mo,-0.01736228036848517
78,X2mo,-0.006606128948692696
78,X3mo,0.02449236810402031
79,X1o,0.2458879564735248
79,X2o,0.1129278584153259
79,X3o,0.0077031101676805006
79,X1mo,0.021733959576391456
79,X2mo,-0.0108801367619352
79,X3mo,0.011360492900054451
80,X1o,0.07461732290881054
80,X2o,0.0344812143150038
80,X3o,0.05503398220977505
80,X1mo,-0.05933174065612345
80,X2mo,-0.108010971673855
80,X3mo,0.060673315444214254
81,X1o,0.5261672833074695
81,X2o,0.04833842277621041
81,X3o,0.0577702602491164
81,X1mo,-0.01064292256650395
81,X2mo,-0.0028067558721581003
81,X3mo,-0.04072874010303845
82,X1o,0.45482156733661205
82,X2o,0.16101835503971001
82,X3o,0.1298935163661683
82,X1mo,0.0591818199885723
82,X2mo,0.036336345610138404
82,X3mo,0.00524402925013295
83,X1o,0.04029472394821146
83,X2o,0.0425688955844349
83,X3o,0.06976920652554695
83,X1mo,-0.010745624141490138
83,X2mo,0.010524323283353905
83,X3mo,0.013713498042521026
84,X1o,0.31993159919367703
84,X2o,0.2585527408216615
84,X3o,0.18998128775943676
84,X1mo,-0.04307930259405825
84,X2mo,-0.0593722608265544
84,X3mo,0.016000635921437897
85,X1o,0.049048975310143614
85,X2o,0.07387457393062855
85,X3o,0.0061936674580422
85,X1mo,-0.03240186433142835
85,X2mo,-0.001377778646071805
85,X3mo,0.021463925616033806
86,X1o,0.2669979636671785
86,X2o,0.23226992835397403
86,X3o,0.1555067884178569
86,X1mo,0.008289661513214999
86,X2mo,-0.0088355788864206
86,X3mo,-0.042690679836795774
87,X1o,0.0982413463138428
87,X2o,0.08778893486734475
87,X3o,0.06220046081115685
87,X1mo,0.00894461293888335
87,X2mo,0.01489701127294695
87,X3mo,0.01919574674406287
88,X1o,0.15263087049882354
88,X2o,0.08003819373785175
88,X3o,0.0639013237207549
88,X1mo,0.014393095688222508
88,X2mo,3.3508853469199976e-4
88,X3mo,0.0136007220492681
89,X1o,0.5688012173147395
89,X2o,0.20935392960750798
89,X3o,0.0204263888405356
89,X1mo,0.08103488043308224
89,X2mo,-0.05931295029286865
89,X3mo,0.13068183654002236
90,X1o,0.3319049297373755
90,X2o,0.2849811442690795
90,X3o,0.179867943714673
90,X1mo,-0.0040546604316452
90,X2mo,-0.01808192548411195
90,X3mo,0.0376203312008591
91,X1o,0.467310808922026
91,X2o,0.04051128219618531
91,X3o,-0.03475704935978175
91,X1mo,-0.005200211031517215
91,X2mo,-0.03655871834060935
91,X3mo,0.020580458608120453
92,X1o,0.18574550046044863
92,X2o,0.09695209353169974
92,X3o,0.0585632063734942
92,X1mo,-0.015238478922773252
92,X2mo,-0.04795309864900625
92,X3mo,0.0037291056039751
93,X1o,0.2986858427198985
93,X2o,0.135230326702386
93,X3o,0.06071685950271084
93,X1mo,0.06453717833771745
93,X2mo,0.016249171985664862
93,X3mo,0.0251084808968199
94,X1o,0.16844991810926951
94,X2o,0.10058161116486021
94,X3o,0.030023257469293404
94,X1mo,0.03984305156213955
94,X2mo,-0.018568915163726198
94,X3mo,-0.0246786336700531
95,X1o,0.24828469441126427
95,X2o,0.14586460608098567
95,X3o,0.14886414590210464
95,X1mo,0.04743094314263656
95,X2mo,0.008609602470548185
95,X3mo,-0.018403361308240447
96,X1o,0.310306600349625
96,X2o,0.11159184835383751
96,X3o,0.0445775582252486
96,X1mo,0.05216147913614515
96,X2mo,0.019773601899374917
96,X3mo,0.03313674412857765
97,X1o,0.6429253326451569
97,X2o,0.28580167437247905
97,X3o,0.14709896835165948
97,X1mo,0.05991298949893165
97,X2mo,0.02395624106804175
97,X3mo,-0.02238281145657388
98,X1o,0.151906505178664
98,X2o,0.10481850257883416
98,X3o,0.14397878172295298
98,X1mo,0.013229326685525098
98,X2mo,0.0238090198030514
98,X3mo,-0.008259760883893375
99,X1o,0.133833098715853
99,X2o,-0.0520056631392228
99,X3o,-0.0532023471232734
99,X1mo,0.024277357432243407
99,X2mo,0.013236669693063799
99,X3mo,9.376446513969967e-4
100,X1o,0.1747310477529465
100,X2o,0.038145448806722736
100,X3o,0.07255902341218975
100,X1mo,0.0316696077364044
100,X2mo,-0.00868582295963678
100,X3mo,-0.043826482074376255
101,X1o,0.32127687734863253
101,X2o,0.18061886728923404
101,X3o,0.015052452101317351
101,X1mo,0.056873643443917446
101,X2mo,-0.15584614376782618
101,X3mo,-0.04213711216330825
102,X1o,0.279872756173003
102,X2o,0.310019275466855
102,X3o,0.21451106026843053
102,X1mo,0.01912792612681265
102,X2mo,-0.040360912058744
102,X3mo,-0.03158628819914538
103,X1o,0.187349642298904
103,X2o,0.1328450376000816
103,X3o,0.0496417055962613
103,X1mo,0.0399618375335724
103,X2mo,0.01889326184215
103,X3mo,0.01632745308613864
104,X1o,0.5677170572275625
104,X2o,0.1728536437878095
104,X3o,0.0355467433637685
104,X1mo,-0.0185597534066986
104,X2mo,0.06409959618522457
104,X3mo,-0.00480247125620125
105,X1o,0.09926319439316805
105,X2o,0.052410154379338644
105,X3o,0.0062371890362280975
105,X1mo,-6.888347712501498e-4
105,X2mo,0.03486686972436415
105,X3mo,0.0313847599209318
106,X1o,0.383094808214984
106,X2o,0.19151920972788683
106,X3o,-0.0147412595045621
106,X1mo,0.03560199691941182
106,X2mo,-0.02538377483482875
106,X3mo,-0.013104256980546666
107,X1o,0.1584733864504315
107,X2o,0.10477998781925565
107,X3o,0.03884825814279005
107,X1mo,0.008059468572940374
107,X2mo,0.015833689082520114
107,X3mo,0.03400313432759665
108,X1o,0.09734301856680175
108,X2o,0.022856455257532014
108,X3o,-0.009624808569628364
108,X1mo,-0.00520011692343855
108,X2mo,0.015882143657705815
108,X3mo,-0.01980620455957251
109,X1o,0.2258539617937655
109,X2o,0.1242237338775746
109,X3o,0.058290620643893
109,X1mo,0.02524614254783785
109,X2mo,0.00746881983739623
109,X3mo,0.012468790023527649
110,X1o,0.1457519549870205
110,X2o,0.0575316658491221
110,X3o,0.08383850721138925
110,X1mo,0.005273361701879595
110,X2mo,0.008131999046348239
110,X3mo,-7.453510879810504e-4
111,X1o,0.2468343062435425
111,X2o,0.25407757425393396
111,X3o,0.11989411328545704
111,X1mo,0.04768059627071665
111,X2mo,0.024804019251194034
111,X3mo,0.020014127936826748
112,X1o,0.625630649555162
112,X2o,0.1392321554753331
112,X3o,0.0526932817591897
112,X1mo,0.07411301462648436
112,X2mo,0.05432584500521315
112,X3mo,0.01893825386491006
113,X1o,0.2838203024865885
113,X2o,0.226817749369252
113,X3o,0.1867541184232315
113,X1mo,-0.01873188707115077
113,X2mo,6.980137568129985e-5
113,X3mo,-0.0027746784837421046
114,X1o,0.35341278209191496
114,X2o,0.12663310002125164
114,X3o,0.08689738187509145
114,X1mo,-0.013970482427419148
114,X2mo,0.008476169655293199
114,X3mo,-0.04725988492474715
115,X1o,0.171819878351316
115,X2o,-0.022675663594102613
115,X3o,0.0416223167890706
115,X1mo,-0.0133238649686121
115,X2mo,-0.016405879005273002
115,X3mo,-0.01958858889577065
116,X1o,0.335332250382191
116,X2o,0.0707177203425782
116,X3o,0.0642048614984906
116,X1mo,0.07637481403929194
116,X2mo,0.0362318675738377
116,X3mo,-0.019355231179084102
117,X1o,0.3996217782085365
117,X2o,-0.08775878638859075
117,X3o,-0.4064512336823315
117,X1mo,0.1105254006993548
117,X2mo,0.0752113516662565
117,X3mo,0.12095712789503199
118,X1o,0.31201422562521
118,X2o,0.10727707998172
118,X3o,0.202103553501702
118,X1mo,-0.15587387650789
118,X2mo,-0.126810326809405
118,X3mo,-0.0114886051034751
119,X1o,0.608806816913023
119,X2o,0.1740343501127875
119,X3o,0.03218056279456365
119,X1mo,0.06582134451254755
119,X2mo,0.03813151312548051
119,X3mo,0.04428951492671469
120,X1o,0.26048709901262
120,X2o,0.13898455171210206
120,X3o,0.05028589332769475
120,X1mo,0.03543943299377385
120,X2mo,0.0170257610456064
120,X3mo,-0.001124254804144905
121,X1o,0.600898698437817
121,X2o,0.19480333109210698
121,X3o,0.03822419208013249
121,X1mo,0.0925745132365438
121,X2mo,0.01124628112630445
121,X3mo,0.06709535464705775
122,X1o,0.6093366171711555
122,X2o,0.43670640673690453
122,X3o,0.2439168377630375
122,X1mo,0.0360200491204782
122,X2mo,-0.016075639299154433
122,X3mo,0.011879783090520353
123,X1o,0.7946542974441355
123,X2o,0.3539944064796285
123,X3o,0.1010355698244412
123,X1mo,0.060417233783565893
123,X2mo,-0.07267416359230511
123,X3mo,0.04214590093672231
124,X1o,0.12537793048000695
124,X2o,0.08294332858108835
124,X3o,0.00326900945206168
124,X1mo,0.024306406998384496
124,X2mo,-0.023685967282049948
124,X3mo,0.00371075288060095
125,X1o,0.34033080199123
125,X2o,0.2025695560756405
125,X3o,-0.067914796527097
125,X1mo,0.07160320417532899
125,X2mo,0.04397111228816035
125,X3mo,0.1106677321318882
126,X1o,0.220503928562998
126,X2o,0.17400229777964848
126,X3o,0.19326607047009148
126,X1mo,0.026553038902336738
126,X2mo,-0.0198375092779885
126,X3mo,-0.06101445421803345
127,X1o,0.1743266474965306
127,X2o,0.2774556617154415
127,X3o,0.1799143400534865
127,X1mo,0.012248490656841152
127,X2mo,-0.014249066224902804
127,X3mo,0.017667362354956476
128,X1o,0.7351527965492419
128,X2o,0.204627095413961
128,X3o,-0.0019266640719730957
128,X1mo,0.10468712203232114
128,X2mo,0.1171572957471788
128,X3mo,0.030481937282197998
129,X1o,0.0311905413227814
129,X2o,0.03371233147177835
129,X3o,0.158259925390387
129,X1mo,-0.0269477323659511
129,X2mo,-0.0030034711344812002
129,X3mo,-0.0323758482118326
130,X1o,0.29029803822247846
130,X2o,0.13075272661447251
130,X3o,0.1127107793139845
130,X1mo,0.0700866322462133
130,X2mo,0.052167072275656146
130,X3mo,0.026636626644352852
131,X1o,0.2739264917061225
131,X2o,0.1533619716027565
131,X3o,0.07384156113759416
131,X1mo,-3.106682249414978e-5
131,X2mo,-0.0237103228595344
131,X3mo,-0.007999290086331202
132,X1o,0.2114023788477
132,X2o,0.0672354109663908
132,X3o,0.0793268859051981
132,X1mo,0.019144796382444176
132,X2mo,0.01750485025536125
132,X3mo,-0.0494261925265998
133,X1o,0.08247798915041635
133,X2o,0.031382083649509146
133,X3o,9.758022180833478e-4
133,X1mo,-0.03326295498236765
133,X2mo,0.001899624278896275
133,X3mo,0.02755106290893855
134,X1o,-0.054301706820979755
134,X2o,-0.0619197765784528
134,X3o,-0.1049778331339184
134,X1mo,-0.00687806205523177
134,X2mo,0.008282440630192334
134,X3mo,0.016338088431948748
135,X1o,1.0623645652090266
135,X2o,-0.0288489459045368
135,X3o,-0.17023389206548978
135,X1mo,0.04226645743048421
135,X2mo,0.05055185066072465
135,X3mo,0.02152054418580786
136,X1o,0.234786794455288
136,X2o,0.10027731534785825
136,X3o,0.013792685939789669
136,X1mo,0.0049626464941623805
136,X2mo,-0.00766772642295528
136,X3mo,0.0037517849067338
137,X1o,0.07402789893075415
137,X2o,0.096268187694209445
137,X3o,0.1164516732485858
137,X1mo,0.004988392359783217
137,X2mo,-0.0018908228288814152
137,X3mo,0.025349521464306
138,X1o,0.140497799071705
138,X2o,0.05430098296184055
138,X3o,0.07983489568703706
138,X1mo,0.037148239826085755
138,X2mo,0.0157730709418845
138,X3mo,-0.0366632297918966
139,X1o,1.0766713717980472
139,X2o,0.14166805973068713
139,X3o,0.052090579076586
139,X1mo,0.06435956406810506
139,X2mo,0.05291136922023976
139,X3mo,-0.01941195786207845
140,X1o,0.4168381091987985
140,X2o,0.118833187311442
140,X3o,0.04737030114580705
140,X1mo,0.1057864822013209
140,X2mo,0.06708325570338805
140,X3mo,-0.0053680025742283595
141,X1o,0.306837659704847
141,X2o,0.08957351245152517
141,X3o,0.051716216652583594
141,X1mo,0.056679480331067254
141,X2mo,0.030656131708979295
141,X3mo,0.03401739702026185
142,X1o,0.319180033676183
142,X2o,0.04918701352916105
142,X3o,0.04412752524972266
142,X1mo,0.0241598197918981
142,X2mo,-0.003548477005069551
142,X3mo,0.04855804567947865
143,X1o,0.28387914332208103
143,X2o,0.1529097390213186
143,X3o,0.0767892205155928
143,X1mo,0.056894918078558954
143,X2mo,0.07229006172931045
143,X3mo,-0.01538221738097784
144,X1o,0.3309679900822955
144,X2o,0.285385395794529
144,X3o,0.214623693938649
144,X1mo,0.02012892769373635
144,X2mo,0.014208453696550289
144,X3mo,-0.015035684587371773
145,X1o,0.0404618733805883
145,X2o,0.00260158139647038
145,X3o,-0.0226209160440363
145,X1mo,0.00852514710563772
145,X2mo,0.0100753193111162
145,X3mo,0.0123717116281354
146,X1o,0.4065211515048315
146,X2o,0.050434651366542294
146,X3o,0.0112529438313602
146,X1mo,0.0390365907127707
146,X2mo,0.01142116449214845
146,X3mo,-0.016473367227627968
147,X1o,0.3835988232443775
147,X2o,0.2021873689432125
147,X3o,0.040723215354831
147,X1mo,0.0326861360730216
147,X2mo,0.1165645815502907
147,X3mo,0.025387405921354845
148,X1o,0.11992155348151125
148,X2o,0.08764729058510776
148,X3o,0.06555177784243199
148,X1mo,0.01835939913485505
148,X2mo,0.03773511293071905
148,X3mo,0.01691729020793965
149,X1o,0.1226661068304093
149,X2o,0.1040201108214556
149,X3o,0.22730226850223287
149,X1mo,0.02471219551186405
149,X2mo,0.0026003024721565505
149,X3mo,-0.024324807133099452
150,X1o,0.15065282922748208
150,X2o,0.1016731468315874
150,X3o,0.11407909642383264
150,X1mo,0.0417904145484857
150,X2mo,-4.8560952586144956e-4
150,X3mo,-0.014574549831308979
151,X1o,0.297748815524729
151,X2o,0.19070654844573945
151,X3o,0.09591011563155935
151,X1mo,0.041318121776557734
151,X2mo,0.06618156302372924
151,X3mo,0.016945818753246186
152,X1o,0.3545494130795165
152,X2o,0.1104279589146562
152,X3o,0.1087649876676555
152,X1mo,0.06381402038553216
152,X2mo,0.024257663662705795
152,X3mo,0.0242875137785495
153,X1o,0.272762766037664
153,X2o,-0.05888754839996
153,X3o,0.0170382902983
153,X1mo,0.06683548783935735
153,X2mo,-0.0023807585383054004
153,X3mo,0.01118968787561973
154,X1o,0.3330270429394945
154,X2o,0.1854637098748375
154,X3o,0.1266757335824275
154,X1mo,0.12214358955909851
154,X2mo,0.05765195469694975
154,X3mo,0.054621922755824545
155,X1o,0.6468234697793895
155,X2o,0.043041654876685195
155,X3o,0.007379177716364399
155,X1mo,0.0117244371624768
155,X2mo,0.00845219655190544
155,X3mo,0.025195345948952782
156,X1o,0.2097558625543765
156,X2o,0.057719183905704546
156,X3o,-0.04549554609052524
156,X1mo,0.014356921223155648
156,X2mo,0.026145861971332902
156,X3mo,0.005736384534058801
157,X1o,0.0716998297685556
157,X2o,-0.00505795103034655
157,X3o,0.0182409448215491
157,X1mo,0.0018001862942546303
157,X2mo,0.018894058826758577
157,X3mo,-0.014056649265962621
158,X1o,0.07948016175816006
158,X2o,0.1553332102566533
158,X3o,0.16728918762003045
158,X1mo,0.008164190935108551
158,X2mo,0.007700476512484229
158,X3mo,0.00322088939307564
159,X1o,0.1329382161519545
159,X2o,0.026135186287205146
159,X3o,0.02082139639871291
159,X1mo,-0.017439939546548176
159,X2mo,-0.026320737693203047
159,X3mo,-0.013361328153282441
160,X1o,0.41783957216493
160,X2o,0.15010091788700425
160,X3o,0.14585066996906948
160,X1mo,0.1011842067609786
160,X2mo,0.04813364853081495
160,X3mo,-0.008842655105466252
161,X1o,0.3246786033053315
161,X2o,0.1231616969953528
161,X3o,0.058189785625534104
161,X1mo,0.02586552897857755
161,X2mo,0.01712698060797027
161,X3mo,0.005745897806305149
162,X1o,0.342433579405221
162,X2o,0.1344878619362015
162,X3o,0.0366781878045897
162,X1mo,0.1034934354948093
162,X2mo,0.040599191201528696
162,X3mo,0.015218787144278751
163,X1o,0.0056395905856866605
163,X2o,0.039922543750234796
163,X3o,0.017673758931607553
163,X1mo,0.0015301968707410003
163,X2mo,0.001428584820296555
163,X3mo,0.003044468025530789
164,X1o,0.24057428172358586
164,X2o,0.1085962522310813
164,X3o,0.03846886070276086
164,X1mo,0.0678555619798407
164,X2mo,0.01300073624120545
164,X3mo,0.018599159852935948
165,X1o,0.1141209121109179
165,X2o,0.11098648044504214
165,X3o,0.08914729203758895
165,X1mo,0.0117845767871831
165,X2mo,-0.0060768420956026255
165,X3mo,0.00239991247027665
166,X1o,0.0712343531783451
166,X2o,0.0411873019383306
166,X3o,-0.00983598783466585
166,X1mo,0.03338433977522914
166,X2mo,0.033639737902091696
166,X3mo,0.06890581517448505
167,X1o,0.6004553510225445
167,X2o,0.2135013102643025
167,X3o,0.1225083106709882
167,X1mo,0.10528257869402705
167,X2mo,0.051926351485784394
167,X3mo,-0.01317239233514695
168,X1o,0.423667795437943
168,X2o,0.1725539580125985
168,X3o,0.22414796323852249
168,X1mo,0.03651260324225175
168,X2mo,0.05483424204620045
168,X3mo,0.013220270575445035
169,X1o,0.14913341180380454
169,X2o,4.390119597690034e-5
169,X3o,-0.01205210811207017
169,X1mo,-0.0012369517579848
169,X2mo,-0.004962093356711629
169,X3mo,-0.0063103604383578996
170,X1o,0.4152299824026195
170,X2o,0.17488866516751386
170,X3o,0.20801735794895812
170,X1mo,0.10379118511582569
170,X2mo,0.0033467952847214995
170,X3mo,-0.0675864991888041
171,X1o,0.06280405383953325
171,X2o,0.0886804494906264
171,X3o,0.047708324151156695
171,X1mo,0.04213596657948785
171,X2mo,0.0156012850695551
171,X3mo,-0.0023263599162706497
172,X1o,0.517010405590248
172,X2o,0.12740107584194055
172,X3o,0.10033742233602111
172,X1mo,0.09410879343088016
172,X2mo,0.07829998248717845
172,X3mo,0.03850446213733135
173,X1o,0.45771948762598497
173,X2o,0.179083937844384
173,X3o,0.15733765135954
173,X1mo,0.0281847520685096
173,X2mo,0.05374340869540425
173,X3mo,0.0046713366535355
174,X1o,0.18835332981732
174,X2o,0.08235204480316399
174,X3o,0.05038109048002255
174,X1mo,0.0198422577130393
174,X2mo,-0.005902397168482295
174,X3mo,0.008438768852567339
175,X1o,0.0496345691529196
175,X2o,0.036919881679019106
175,X3o,0.04991858994819809
175,X1mo,0.079803624393123
175,X2mo,0.016454978186424506
175,X3mo,0.0359724776541812
176,X1o,0.5386400115235075
176,X2o,0.13879688190938674
176,X3o,-0.01289100643588905
176,X1mo,0.017702515217648
176,X2mo,-0.008595959105457952
176,X3mo,-0.01224844715960995
177,X1o,0.0294183236526244
177,X2o,0.00969634392947044
177,X3o,0.00835231394468912
177,X1mo,0.00970807750497209
177,X2mo,-0.0123851238278479
177,X3mo,-0.0198977798786059
178,X1o,0.2574438257015295
178,X2o,0.249492275239951
178,X3o,0.1576633058561355
178,X1mo,0.018441148351246852
178,X2mo,-0.020783856301620714
178,X3mo,0.01908138171656825
179,X1o,0.336290721503137
179,X2o,0.11448061105706
179,X3o,0.0769541085414955
179,X1mo,0.014340100642778745
179,X2mo,0.03618126717801075
179,X3mo,0.01758522062632627
180,X1o,0.35952076587680504
180,X2o,0.16532546540487905
180,X3o,0.14331795698430624
180,X1mo,0.048391132324370104
180,X2mo,0.09129471629294661
180,X3mo,0.07811050047169069
181,X1o,0.7263790295175689
181,X2o,0.243547638110011
181,X3o,0.06867373303239445
181,X1mo,0.173557945120016
181,X2mo,-0.0411582372025438
181,X3mo,-0.058822916422646254
182,X1o,0.1968260212394295
182,X2o,0.1567373278272695
182,X3o,0.06435276216746019
182,X1mo,-0.02112230392974185
182,X2mo,0.0129844811908082
182,X3mo,0.01699478895808015
183,X1o,0.05597129684119255
183,X2o,0.09467964964646805
183,X3o,0.020696137341084962
183,X1mo,0.0047303764680319
183,X2mo,0.013998264480258048
183,X3mo,0.010309606070713365
184,X1o,0.497328794858915
184,X2o,0.10155590621872776
184,X3o,0.09310626554892096
184,X1mo,0.053172059090562995
184,X2mo,0.06686171933813635
184,X3mo,-0.007309275082529449
185,X1o,0.0870165888512619
185,X2o,-0.06049399288709595
185,X3o,-0.082007088193799
185,X1mo,-0.008916943643109798
185,X2mo,-0.0674465034978035
185,X3mo,-0.062387009278892944
186,X1o,0.780379045376104
186,X2o,0.12082062005901856
186,X3o,0.14205085589447305
186,X1mo,0.14343549685477286
186,X2mo,0.1128991188206496
186,X3mo,0.025522053894499554
187,X1o,0.719538251532307
187,X2o,0.13794717621852676
187,X3o,0.0700757167165649
187,X1mo,0.06684361729839215
187,X2mo,-0.0278015942259566
187,X3mo,0.0165758653345636
188,X1o,0.0704451817085836
188,X2o,0.025269236555531496
188,X3o,0.01798736729827605
188,X1mo,0.0025574742828140653
188,X2mo,-0.009634669225409946
188,X3mo,-0.0211638168684994
189,X1o,0.35451578569696
189,X2o,0.10746470579768894
189,X3o,0.07508245500805494
189,X1mo,-0.02869659139152685
189,X2mo,0.00840441321842951
189,X3mo,-0.04372146148499785
190,X1o,0.4617096469717805
190,X2o,0.07387991802049755
190,X3o,0.04644088820658055
190,X1mo,0.09384612158167496
190,X2mo,0.047636649852060245
190,X3mo,-0.009085480705469669
191,X1o,0.2159256321486095
191,X2o,0.141620168837121
191,X3o,0.09359904402605596
191,X1mo,-0.017549820330536446
191,X2mo,-0.0119833425450589
191,X3mo,-0.00445765245099995
192,X1o,0.4037023399980805
192,X2o,0.1575283161491075
192,X3o,0.08179195393319094
192,X1mo,0.05069485799170654
192,X2mo,0.015852009618599526
192,X3mo,0.009076504166507302
193,X1o,0.328058006304369
193,X2o,0.0533883159220281
193,X3o,0.017881192263559397
193,X1mo,0.0724422087882208
193,X2mo,0.008405790541158609
193,X3mo,0.017955523463892398
194,X1o,0.3025555923245755
194,X2o,0.2057925673289295
194,X3o,0.157404658233193
194,X1mo,0.07307883879359772
194,X2mo,0.05372428196954742
194,X3mo,0.0025900075015612405
195,X1o,0.7776339230005715
195,X2o,0.45843905891871095
195,X3o,0.0469072541576565
195,X1mo,8.394487599565521e-4
195,X2mo,-0.113877866633813
195,X3mo,0.090958326210800855
196,X1o,0.888776993222582
196,X2o,0.09650276247639525
196,X3o,-0.043032554922443955
196,X1mo,0.193263985533274
196,X2mo,-0.013907505865628347
196,X3mo,0.0014361062831392997
197,X1o,0.376244904530125
197,X2o,0.05858705409221421
197,X3o,0.11575272317467089
197,X1mo,0.1075720809366878
197,X2mo,-3.0691140963385113e-4
197,X3mo,0.022589328880028417
198,X1o,0.15707589110911
198,X2o,0.0429312619263129
198,X3o,0.0832490586452001
198,X1mo,0.0179562227493823
198,X2mo,0.014537860495038999
198,X3mo,-0.02336372047448245
199,X1o,0.0621676494175577
199,X2o,-0.0457521712199566
199,X3o,-0.0188501783608866
199,X1mo,0.00366779960082867
199,X2mo,0.0189252882231995
199,X3mo,0.0117892330612661
200,X1o,0.09460315210836276
200,X2o,0.09467364451783765
200,X3o,0.06071314452106018
200,X1mo,0.03759489978533494
200,X2mo,0.030954693475631352
200,X3mo,0.036261682994780095
201,X1o,0.7365971838517925
201,X2o,0.3101802399310345
201,X3o,0.07479525106829281
201,X1mo,0.04456000534637455
201,X2mo,-0.0306853081606931
201,X3mo,0.0330228131512207
202,X1o,0.190625705066826
202,X2o,0.1102196995942012
202,X3o,0.06174089232049785
202,X1mo,-0.004625105357681701
202,X2mo,-0.0154262825024734
202,X3mo,-0.038883702940336856
203,X1o,0.0578314941472407
203,X2o,0.0904966062392514
203,X3o,0.06674313443786566
203,X1mo,0.0014220200327956399
203,X2mo,-0.0171943352671588
203,X3mo,0.02166564174917205
204,X1o,-0.030678010696891043
204,X2o,-0.05781025600942254
204,X3o,-0.012999245911322399
204,X1mo,0.01124666562303408
204,X2mo,0.003736713252830267
204,X3mo,-0.017850888996689462
205,X1o,0.3497733955160235
205,X2o,0.11817577716829675
205,X3o,0.1130438389544583
205,X1mo,0.0552339864792728
205,X2mo,-4.612548677936498e-4
205,X3mo,0.0185420853602012
206,X1o,0.12642637009931015
206,X2o,0.06291290093211445
206,X3o,0.08641227893347139
206,X1mo,0.002980039432090805
206,X2mo,-0.0281663001068051
206,X3mo,0.01638072506557233
207,X1o,0.7161317618415171
207,X2o,0.2208946474735466
207,X3o,0.03660905115641701
207,X1mo,0.08599962082181825
207,X2mo,0.016701742639353454
207,X3mo,0.0048149942508364
208,X1o,0.3862539867216215
208,X2o,0.24011787868283752
208,X3o,-0.0207232424175417
208,X1mo,0.0029516642867793014
208,X2mo,-0.042031202246532354
208,X3mo,0.0520243012250568
209,X1o,0.356426077334568
209,X2o,0.11133593328502454
209,X3o,0.1051588671376737
209,X1mo,0.026751309351130903
209,X2mo,0.0028143048548036702
209,X3mo,-0.008053779089775101
210,X1o,0.4740570674981335
210,X2o,0.14399071009538691
210,X3o,0.051946361072429295
210,X1mo,0.028148556250834598
210,X2mo,0.02566690180108175
210,X3mo,-2.5654053798904956e-4
211,X1o,0.2882099480368105
211,X2o,0.1716750597112365
211,X3o,0.061382110692653355
211,X1mo,0.02460581933822625
211,X2mo,-0.03096611190066615
211,X3mo,-0.001823444352163299
212,X1o,-0.0303576599658749
212,X2o,0.0028494042285731
212,X3o,0.00389917800370454
212,X1mo,0.0151900174619611
212,X2mo,0.0175082278859275
212,X3mo,0.0130094988459691
213,X1o,0.09049801248697831
213,X2o,0.1199724255623158
213,X3o,0.1473573473675171
213,X1mo,0.04840429637334515
213,X2mo,0.03501324348933332
213,X3mo,0.023628101909282308
214,X1o,0.839846294436695
214,X2o,0.33888438295553447
214,X3o,0.13506146177719844
214,X1mo,0.0223073969870498
214,X2mo,-0.017029647806431014
214,X3mo,0.005593019346836647
215,X1o,0.13700843173228
215,X2o,0.195928741394863
215,X3o,0.134938428695781
215,X1mo,0.0744028091052236
215,X2mo,-0.0144356596847694
215,X3mo,0.0234588737440614
216,X1o,0.972557277696231
216,X2o,0.15916636608651802
216,X3o,0.18081779096266648
216,X1mo,0.03924827321840655
216,X2mo,-0.13732819555707101
216,X3mo,-0.1615629528758048
217,X1o,0.45006164680488
217,X2o,0.164560829389314
217,X3o,0.1124141628845476
217,X1mo,0.023302164846647738
217,X2mo,0.0323633444643264
217,X3mo,-0.003699143059674755
218,X1o,0.380868569388247
218,X2o,0.0938417873455258
218,X3o,0.15346222280573102
218,X1mo,0.10229475091856595
218,X2mo,0.00974771091720525
218,X3mo,-0.015633569225309202
219,X1o,0.344416010004758
219,X2o,0.03344981297408355
219,X3o,0.09163901606182154
219,X1mo,0.05828801393818775
219,X2mo,0.05073589970007775
219,X3mo,-0.026064728812760937
220,X1o,0.0678494367079878
220,X2o,0.0280795427371965
220,X3o,-0.00264418840214213
220,X1mo,0.0195418398340119
220,X2mo,0.0216534208208395
220,X3mo,-0.00246435727018347
221,X1o,0.6179044444801836
221,X2o,0.09339012498773465
221,X3o,0.0454313756095783
221,X1mo,0.0709808915973989
221,X2mo,0.08293055238885766
221,X3mo,1.946233563124669e-4
222,X1o,0.3963497328630875
222,X2o,0.08276609617364311
222,X3o,0.08697064077032421
222,X1mo,0.06192777104688195
222,X2mo,-0.015121674818484176
222,X3mo,-0.00453210908062145
223,X1o,0.1343572633669218
223,X2o,0.0575919275260562
223,X3o,0.008003522483302876
223,X1mo,0.018442192997271317
223,X2mo,0.0271754673553774
223,X3mo,0.010553357859548715
224,X1o,0.14719480939198049
224,X2o,0.0701921094223456
224,X3o,0.00710351218156379
224,X1mo,0.002008205767174445
224,X2mo,0.003527789509049999
224,X3mo,0.007650656900851635
225,X1o,0.3207512202656605
225,X2o,0.1711153473533651
225,X3o,0.09783995115641789
225,X1mo,0.0269400381199702
225,X2mo,0.03173927800871616
225,X3mo,0.02952697732054145
226,X1o,0.6386518130961529
226,X2o,0.18437490431368286
226,X3o,-0.08518903437865549
226,X1mo,0.046804243992742994
226,X2mo,0.0045695858174340034
226,X3mo,0.0169178829151663
227,X1o,0.2399828502708245
227,X2o,0.16512525611714496
227,X3o,0.10355610584878389
227,X1mo,0.09725343311437534
227,X2mo,0.059191730274774756
227,X3mo,0.030554219589551
228,X1o,0.345287345598991
228,X2o,0.41899047626310004
228,X3o,0.262193712720829
228,X1mo,-0.003589291469022149
228,X2mo,-0.0014566488954649492
228,X3mo,0.015448442429206451
229,X1o,0.2398656177588585
229,X2o,0.08901101474264494
229,X3o,0.18302460395938425
229,X1mo,-0.03833283213036355
229,X2mo,0.01446502261495848
229,X3mo,0.0029162269725385003
230,X1o,0.11380793468802389
230,X2o,0.061873530454159345
230,X3o,0.043866718300458504
230,X1mo,0.0024416131995018513
230,X2mo,0.01615370549121957
230,X3mo,-0.0233286429945876
231,X1o,0.3283678169923935
231,X2o,0.0023906114518999905
231,X3o,-0.0337352047735321
231,X1mo,0.06847530718888485
231,X2mo,0.08203239665612724
231,X3mo,0.09629558101769425
232,X1o,0.07556590617932682
232,X2o,0.03468996360697025
232,X3o,0.02758753075066675
232,X1mo,-0.008652667698425525
232,X2mo,0.014584875288026544
232,X3mo,0.03623138705718025
233,X1o,0.24720642787560348
233,X2o,0.0942742267716566
233,X3o,-0.0170398345010889
233,X1mo,0.033249843622602845
233,X2mo,0.06026490896832855
233,X3mo,0.008815176160885736
234,X1o,0.846786671373617
234,X2o,0.1365349917477385
234,X3o,0.0705413117518337
234,X1mo,0.09704995603945665
234,X2mo,0.0979668795719939
234,X3mo,-0.0252471227591689
235,X1o,0.289450738237176
235,X2o,0.1506332231278875
235,X3o,-0.021885863155305947
235,X1mo,0.0011630762666408022
235,X2mo,0.027853114455231153
235,X3mo,0.03589635373261655
236,X1o,0.07661568560998096
236,X2o,0.06480885078600325
236,X3o,-0.019871630064097753
236,X1mo,0.10097329303394595
236,X2mo,0.0740934458433854
236,X3mo,0.07497222878815105
237,X1o,0.0167551376705411
237,X2o,0.0155015679645874
237,X3o,0.0180066747603106
237,X1mo,0.00532379425415858
237,X2mo,0.00364809015999473
237,X3mo,0.00539274481067571
238,X1o,0.09994060177611365
238,X2o,0.028744361739320743
238,X3o,0.057444614176575856
238,X1mo,0.039562819630582904
238,X2mo,-0.0159469224899823
238,X3mo,-1.8411418941045995e-4
239,X1o,0.4672673084325255
239,X2o,0.190606470187143
239,X3o,0.130530888384945
239,X1mo,0.0502797721270421
239,X2mo,0.021767171756092715
239,X3mo,0.0069929153341927505
240,X1o,0.14029735190080164
240,X2o,0.12077343700494135
240,X3o,0.02319221065870195
240,X1mo,0.0117207138142265
240,X2mo,0.03947306168063361
240,X3mo,0.01712387733365134
241,X1o,0.0726281088855035
241,X2o,0.03318971254807125
241,X3o,0.014521837582640086
241,X1mo,0.011146853630814548
241,X2mo,0.023889560161221304
241,X3mo,0.015732853285535878
242,X1o,0.3751596080057255
242,X2o,0.18106549007546913
242,X3o,0.019472872881929053
242,X1mo,0.042475035843949745
242,X2mo,0.0184250032076411
242,X3mo,-0.011830819942545149
243,X1o,0.0918826594824084
243,X2o,0.11475916194716199
243,X3o,0.0821218143230045
243,X1mo,0.01532847580749841
243,X2mo,-0.0038908388595743993
243,X3mo,-0.0035164867164957396
244,X1o,0.3036895894865535
244,X2o,0.19095454203429552
244,X3o,0.061620209823559854
244,X1mo,0.02456406760299515
244,X2mo,0.03386159035408383
244,X3mo,0.03914457325599353
245,X1o,NA
245,X2o,NA
245,X3o,NA
245,X1mo,NA
245,X2mo,NA
245,X3mo,NA
246,X1o,0.0156683136516335
246,X2o,-0.0374179075479008
246,X3o,0.0396770659638831
246,X1mo,-0.00230643245267012
246,X2mo,0.00617562130436125
246,X3mo,-0.00763611787693071
247,X1o,0.1619526620207325
247,X2o,0.1825982866629745
247,X3o,0.135053058454798
247,X1mo,0.008499178322756797
247,X2mo,0.00589729851971795
247,X3mo,-4.125204113226799e-4
248,X1o,0.3564500112327405
248,X2o,-0.0789911984970318
248,X3o,0.0890732016823993
248,X1mo,0.010710196892160555
248,X2mo,-0.02364266159792895
248,X3mo,-0.05969111963472874
249,X1o,0.01144094327212478
249,X2o,0.03151097033719655
249,X3o,0.01015590228186098
249,X1mo,0.004773236200973085
249,X2mo,0.00724205503915412
249,X3mo,0.00753912315829329
250,X1o,0.1007802224346087
250,X2o,-0.03611126180664675
250,X3o,-0.012858686469774994
250,X1mo,-0.00436916916536656
250,X2mo,0.00642886829144855
250,X3mo,0.004386237841431651
251,X1o,0.5628003250970985
251,X2o,0.13950805224380852
251,X3o,0.1689536444945752
251,X1mo,-0.030089201949301248
251,X2mo,-0.12105144963335665
251,X3mo,-0.0268550805095613
252,X1o,0.5081352658981315
252,X2o,0.3086066938826495
252,X3o,0.2060465818594028
252,X1mo,0.0935366419330674
252,X2mo,0.039994286424084
252,X3mo,0.010649150861762751
253,X1o,0.1803541815914555
253,X2o,0.047988108655642445
253,X3o,-0.021916571837508496
253,X1mo,2.287458187188963e-5
253,X2mo,0.0323766988630865
253,X3mo,0.004442588814611102
254,X1o,0.1462209705105054
254,X2o,0.10790110418104915
254,X3o,0.05319680903259665
254,X1mo,0.00497210443237012
254,X2mo,0.02618395032327675
254,X3mo,0.01013578609560095
255,X1o,0.15389250093682366
255,X2o,0.14093970315558416
255,X3o,0.0833766697741801
255,X1mo,0.03034913290678625
255,X2mo,3.105749440144006e-4
255,X3mo,-2.2535082093304987e-4
256,X1o,0.05376568950447175
256,X2o,0.06458827028485076
256,X3o,0.08170614627979819
256,X1mo,-0.03433111449284795
256,X2mo,-0.01102057366469
256,X3mo,-0.03568358195452949
257,X1o,0.1457538568621026
257,X2o,0.0575317179837362
257,X3o,0.0570109918328213
257,X1mo,0.032845803248269065
257,X2mo,0.0343163549298931
257,X3mo,0.016157851617073463
258,X1o,0.215765615419185
258,X2o,0.0383033650082944
258,X3o,0.0252012726654789
258,X1mo,-0.027007489923439
258,X2mo,-0.0315878367061213
258,X3mo,-0.00510213661613226
259,X1o,0.369508091578024
259,X2o,0.2528972077261531
259,X3o,0.23451836489226902
259,X1mo,0.0465890981238541
259,X2mo,0.007644537681309398
259,X3mo,0.02843118426886585
260,X1o,0.5059836134805484
260,X2o,0.19946617068919098
260,X3o,0.0881320092085893
260,X1mo,0.0786894090821421
260,X2mo,0.0527008672360417
260,X3mo,0.06656132341108129
261,X1o,0.45196799398255505
261,X2o,0.15191314729587518
261,X3o,0.12840031956450615
261,X1mo,-0.14332148351176646
261,X2mo,-0.0867550537220328
261,X3mo,-0.04885228905670635
262,X1o,0.149835655735067
262,X2o,0.152771698650771
262,X3o,-0.006367552495928505
262,X1mo,0.0020707023634405994
262,X2mo,-0.011025041422836085
262,X3mo,0.015564976030873309
263,X1o,0.11867463742483014
263,X2o,0.1580931363718837
263,X3o,0.0798427370282521
263,X1mo,-0.026529966042054154
263,X2mo,-0.03139658762964995
263,X3mo,0.0031573853827619493
264,X1o,0.551343205317653
264,X2o,0.0644938630580182
264,X3o,0.012871712548370015
264,X1mo,0.04372929018603491
264,X2mo,0.02352649379081915
264,X3mo,0.04666659833490425
265,X1o,0.368387353125073
265,X2o,0.09283667026112735
265,X3o,0.0020883152879295494
265,X1mo,0.025530091401125696
265,X2mo,0.03379211815432402
265,X3mo,0.05012541452167975
266,X1o,0.015319837731329252
266,X2o,0.0262840954634607
266,X3o,0.008333355607665544
266,X1mo,3.881310885370101e-4
266,X2mo,-0.007748868380976749
266,X3mo,-0.01066455159137401
267,X1o,0.0013570515895153512
267,X2o,-0.033389257112421064
267,X3o,-0.0217131496603823
267,X1mo,0.02236447964110095
267,X2mo,0.06421380839329116
267,X3mo,0.0364809621785903
268,X1o,0.0015186051393007508
268,X2o,-0.008167502034774905
268,X3o,-0.0044576512180937
268,X1mo,0.0635702778526999
268,X2mo,0.04946502340205
268,X3mo,0.06581089672659055
269,X1o,0.261826548385577
269,X2o,0.1175953543272508
269,X3o,0.02269070703770855
269,X1mo,0.0627823958348013
269,X2mo,0.03748269997121205
269,X3mo,0.030082408948465252
270,X1o,0.549291154160747
270,X2o,0.10709867287176261
270,X3o,0.1962852190179215
270,X1mo,0.06171723023752185
270,X2mo,-0.0457576830100921
270,X3mo,-0.14716040146156212
271,X1o,-0.010831510253605865
271,X2o,0.028503990592109396
271,X3o,0.057023792383884
271,X1mo,0.012462699394292301
271,X2mo,-0.017040269421917248
271,X3mo,0.019148684613190567
272,X1o,0.4198264736871795
272,X2o,0.152448489523179
272,X3o,0.0964574312092398
272,X1mo,-0.00224634195626474
272,X2mo,-0.02747378119486412
272,X3mo,0.004420153887433149
273,X1o,0.3077955635292565
273,X2o,0.166242640566812
273,X3o,-0.047249785690863355
273,X1mo,0.042710638787654895
273,X2mo,0.02423467030936761
273,X3mo,0.019087663750072183
274,X1o,0.158466750903337
274,X2o,-0.024484255867504502
274,X3o,0.11191723625932976
274,X1mo,0.046952706960801074
274,X2mo,0.00728023248960577
274,X3mo,0.007016605457928496
275,X1o,0.14980748130069851
275,X2o,0.08999186469112305
275,X3o,0.04591211711142854
275,X1mo,0.001955191237499235
275,X2mo,-0.0023380702037935153
275,X3mo,0.024328419174214595
276,X1o,0.28107273335489147
276,X2o,0.4823742582834425
276,X3o,0.443034812035721
276,X1mo,0.12918537594344584
276,X2mo,-0.01009004170837445
276,X3mo,-0.0018573777365623496
277,X1o,0.09515382914724971
277,X2o,0.034529189567309555
277,X3o,0.057147789543137296
277,X1mo,-7.428525489088008e-4
277,X2mo,-0.014081873455398835
277,X3mo,0.0025929804909218934
278,X1o,0.445507461858843
278,X2o,0.14552251748108902
278,X3o,-0.01386472987603485
278,X1mo,0.06830823917218175
278,X2mo,0.0409224969598935
278,X3mo,0.015373372822011351
279,X1o,0.486394361548474
279,X2o,0.06831544036834496
279,X3o,0.01926862189860925
279,X1mo,-0.06730418892278621
279,X2mo,0.0726990947388994
279,X3mo,0.015003220868865649
280,X1o,0.3368753025281115
280,X2o,0.16046244802041498
280,X3o,0.0065806360162943
280,X1mo,-0.0217047739711013
280,X2mo,0.017206285533808176
280,X3mo,0.01806262899043535
281,X1o,0.13946305867249328
281,X2o,0.13536621338180999
281,X3o,0.10528454577996266
281,X1mo,0.018829498687848674
281,X2mo,-0.020285099004167202
281,X3mo,-0.006764170659321949
282,X1o,0.2836469226465805
282,X2o,0.07090339648748538
282,X3o,-0.10897352657449595
282,X1mo,-8.024588877748994e-4
282,X2mo,0.05753816563798324
282,X3mo,-0.0063619087901756
283,X1o,-0.027388163837729348
283,X2o,0.16702731940211002
283,X3o,-0.031049251426163802
283,X1mo,0.08026361657794931
283,X2mo,0.057173528968347355
283,X3mo,0.07583057860321185
284,X1o,0.5854465373984354
284,X2o,0.12946060136509552
284,X3o,0.142908973424767
284,X1mo,0.013742948179372801
284,X2mo,-0.014678751199117716
284,X3mo,-0.060133419069822405
285,X1o,0.2914381804782148
285,X2o,0.199832126896695
285,X3o,0.236151235321844
285,X1mo,0.06439466043772905
285,X2mo,0.02726833503515495
285,X3mo,-0.018443387063843016
286,X1o,0.10176345303264535
286,X2o,0.04909616742942595
286,X3o,0.029802128961676208
286,X1mo,0.01575929790049465
286,X2mo,0.00879876323087185
286,X3mo,0.00958902107367303
287,X1o,0.658672650426661
287,X2o,-0.01786735499207635
287,X3o,-0.041125614268159146
287,X1mo,0.06026855498532625
287,X2mo,0.03180689093458586
287,X3mo,0.011547838696417302
288,X1o,0.02659511430141355
288,X2o,0.0871182060628243
288,X3o,0.056302469157866096
288,X1mo,-0.00968147331527975
288,X2mo,0.00618299474110935
288,X3mo,0.01384921628977395
289,X1o,0.14380798843424
289,X2o,0.0234319409158315
289,X3o,0.0403144530514941
289,X1mo,0.0309175563048699
289,X2mo,-0.015092623527465
289,X3mo,0.0130036009595454
290,X1o,0.5678536966551565
290,X2o,0.3047944758247345
290,X3o,0.06336101208101425
290,X1mo,0.0531362769878565
290,X2mo,0.0184521579759429
290,X3mo,0.0977417972900648
291,X1o,0.47901945357461606
291,X2o,0.1667915567842675
291,X3o,0.19070801931381048
291,X1mo,0.1011863652329424
291,X2mo,0.07054428891679115
291,X3mo,0.052262182635333956
292,X1o,0.981219905276085
292,X2o,0.216064204659436
292,X3o,0.28187907538746
292,X1mo,-0.048365256363863754
292,X2mo,0.0609824214097955
292,X3mo,-0.1486152255551948
293,X1o,0.3018476374035315
293,X2o,0.149435185316904
293,X3o,0.10492388048612605
293,X1mo,0.03911689922164135
293,X2mo,0.0014458533387823984
293,X3mo,0.0369367694721272
294,X1o,0.16593984203583645
294,X2o,0.04398550286871285
294,X3o,-0.0030384318597838997
294,X1mo,0.007810514385775151
294,X2mo,0.01361914888796856
294,X3mo,-0.0117211332363926
295,X1o,1.0398738387734774
295,X2o,-0.05230488287387685
295,X3o,0.1483523669590262
295,X1mo,0.11948666565286385
295,X2mo,-0.0163819739532759
295,X3mo,-0.10163889792045519
296,X1o,0.2186498570361345
296,X2o,0.0909930590939459
296,X3o,0.043739128475536224
296,X1mo,-0.01024185950693132
296,X2mo,0.0064593594017585
296,X3mo,0.02936695982933852
297,X1o,0.04045092044759395
297,X2o,-0.004283259300888439
297,X3o,0.024024642610841848
297,X1mo,0.012800887612659025
297,X2mo,0.009208619443645906
297,X3mo,-0.0029831692209937605
298,X1o,0.06684024424609195
298,X2o,0.1355713935674605
298,X3o,0.12942411354653044
298,X1mo,0.016113812905462037
298,X2mo,-0.04024024384395075
298,X3mo,-0.00861017321796052
299,X1o,0.7285305987077685
299,X2o,0.365953402443229
299,X3o,0.321163701582163
299,X1mo,0.06994539115228374
299,X2mo,-0.13014584738898374
299,X3mo,-0.12155027563844249
300,X1o,0.375208420363846
300,X2o,0.227059295663848
300,X3o,0.13192627767451845
300,X1mo,0.10510492791960055
300,X2mo,0.10103075915500925
300,X3mo,-0.005629652344898449
301,X1o,0.236408522105231
301,X2o,0.17548346142044852
301,X3o,0.23707382888079298
301,X1mo,-0.0737266652764288
301,X2mo,-0.008715456275686954
301,X3mo,-0.030167640709799923
302,X1o,0.21846484145314848
302,X2o,0.23282598974500252
302,X3o,0.06747710723783315
302,X1mo,0.013595504203349651
302,X2mo,0.01960924668688455
302,X3mo,0.05748167051332092
303,X1o,0.650524139379446
303,X2o,0.3230529907191595
303,X3o,0.29628372582636553
303,X1mo,0.08322204197268784
303,X2mo,-0.05949419433545445
303,X3mo,-0.022831419024048814
304,X1o,0.0934042127651359
304,X2o,0.1342762863768674
304,X3o,0.14236925734731348
304,X1mo,0.06107589442806163
304,X2mo,0.032658366572011696
304,X3mo,0.04353315044795235
305,X1o,0.1891704866311095
305,X2o,0.028617028681069454
305,X3o,0.083525354099117
305,X1mo,0.00868045133204325
305,X2mo,0.031072942194971552
305,X3mo,0.01054482287554753
306,X1o,0.112883836533375
306,X2o,0.10755142911060225
306,X3o,-0.013275142252346554
306,X1mo,-0.002139587227495792
306,X2mo,-0.013357076287185646
306,X3mo,-0.00171085791996076
307,X1o,0.45292178870677946
307,X2o,0.328287397740047
307,X3o,0.1388539422077653
307,X1mo,0.0509526601707989
307,X2mo,0.042521281334043204
307,X3mo,0.01021245337393795
308,X1o,0.221062545571924
308,X2o,0.18700330100450452
308,X3o,0.0669836965545776
308,X1mo,0.024425798335668904
308,X2mo,0.02550122565296347
308,X3mo,0.0255878505282483
309,X1o,NA
309,X2o,NA
309,X3o,NA
309,X1mo,NA
309,X2mo,NA
309,X3mo,NA
310,X1o,0.43470309145521124
310,X2o,0.2585195129886675
310,X3o,0.03516340146319101
310,X1mo,0.21945554006130186
310,X2mo,0.1521378421829577
310,X3mo,0.014146459072342962
311,X1o,0.04613924291550175
311,X2o,0.06115371225866903
311,X3o,0.0718831513564641
311,X1mo,0.01745653197789605
311,X2mo,0.014832350936573408
311,X3mo,0.006453940027159916
312,X1o,0.2416234937538395
312,X2o,0.030548894801148
312,X3o,0.056746679536512995
312,X1mo,0.03943564598306265
312,X2mo,-0.00813768151177175
312,X3mo,0.028939373766082736
313,X1o,0.6613570408214685
313,X2o,0.07055390237879486
313,X3o,-0.0458622436264204
313,X1mo,0.11562988340548516
313,X2mo,0.0012239531316742477
313,X3mo,-0.016138919494573755
314,X1o,0.1951909941955105
314,X2o,0.11420659759003854
314,X3o,0.0910026645640262
314,X1mo,0.036166785599481804
314,X2mo,0.0028685168668627498
314,X3mo,-0.03088518494714175
315,X1o,0.1813235325738285
315,X2o,0.06664680607074575
315,X3o,0.055366105035972196
315,X1mo,0.04490494318825525
315,X2mo,0.01974433187139965
315,X3mo,0.032319961629009394
316,X1o,0.18675124402274906
316,X2o,0.21751459652555416
316,X3o,0.07890548648730736
316,X1mo,0.0219874924561596
316,X2mo,-0.018270745366700807
316,X3mo,0.023595783782103946
317,X1o,0.4336547962337615
317,X2o,0.11628328391202108
317,X3o,0.08215257263975209
317,X1mo,-0.05854598807504739
317,X2mo,-0.02626420527523905
317,X3mo,-0.025577779782203595
318,X1o,0.353954587057165
318,X2o,0.08896169337624801
318,X3o,0.18528227682767012
318,X1mo,0.0728719352729451
318,X2mo,0.12405154715577349
318,X3mo,0.04991309704601565
319,X1o,0.0751987174153334
319,X2o,0.170601705054139
319,X3o,0.342677533313593
319,X1mo,0.06542783041485
319,X2mo,-0.0923211718033322
319,X3mo,-0.0784514713235273
320,X1o,0.204999403199239
320,X2o,0.2248595849243735
320,X3o,0.1707460757735318
320,X1mo,0.1045806995675227
320,X2mo,0.04036247096736905
320,X3mo,0.05594147126515315
321,X1o,0.517658827968796
321,X2o,0.1625302949649755
321,X3o,0.0050118776013819005
321,X1mo,0.015464948705085899
321,X2mo,0.0754854751121192
321,X3mo,0.05409002754619928
322,X1o,0.863989699241971
322,X2o,0.17626593240603702
322,X3o,0.06451663945471252
322,X1mo,0.24751138455598798
322,X2mo,0.09989645563438884
322,X3mo,0.029799574216760598
323,X1o,0.07003181503362294
323,X2o,0.05024444036782415
323,X3o,0.005762715771933345
323,X1mo,0.007335376776318549
323,X2mo,-0.02933088528565435
323,X3mo,-0.0057178237068160505
324,X1o,0.1652196995507335
324,X2o,0.05142123801587705
324,X3o,0.0326017322074014
324,X1mo,-0.022295353942578686
324,X2mo,-0.02225863291287305
324,X3mo,0.0114926450454208
325,X1o,0.12021758140714381
325,X2o,0.047417244551526294
325,X3o,0.036578492868636306
325,X1mo,-0.004763262982409661
325,X2mo,0.011991590443974952
325,X3mo,0.020255618782076386
326,X1o,0.510625214508218
326,X2o,0.25408317453845697
326,X3o,0.1405246250757932
326,X1mo,-0.010977285891782125
326,X2mo,-0.00575005292106085
326,X3mo,-0.03067640665641775
327,X1o,0.017009696199544348
327,X2o,-0.010247149850962603
327,X3o,-0.001775314735163798
327,X1mo,0.072002902950197345
327,X2mo,0.07465607443538375
327,X3mo,0.06600119065212284
328,X1o,0.1805214449640405
328,X2o,0.09871854085635534
328,X3o,0.07889286855986524
328,X1mo,0.02403502385177806
328,X2mo,0.024255854458393098
328,X3mo,0.0364383575967235
329,X1o,0.10626964015289114
329,X2o,0.0364051703554074
329,X3o,0.0277866778102463
329,X1mo,-0.0021992323055181435
329,X2mo,-0.0218694148045089
329,X3mo,-0.012022244182215501
330,X1o,0.382132611395259
330,X2o,0.1425103427746355
330,X3o,-0.04715452438570493
330,X1mo,0.05304846915626575
330,X2mo,0.08808732592048064
330,X3mo,0.10162522627362305
331,X1o,0.527602805757863
331,X2o,0.35331681205765053
331,X3o,0.152670945050368
331,X1mo,0.12853691674862655
331,X2mo,0.0653774007920602
331,X3mo,0.06586617717000715
332,X1o,0.8079990676951514
332,X2o,0.436541621178792
332,X3o,0.39976636513574004
332,X1mo,0.14196364076704598
332,X2mo,-0.06472617923467819
332,X3mo,-0.08494956549014755
