subject,PANAS_AR1,PANAS_LOGSIGMA,PANAS_SIGMA,PANAS_LOGVAR,PANAS_VAR,PANAS_MEAN
1,0.3443447564703266,0.6499022869357689,1.915353664794177,1.2998045738715378,3.668579661240484,0.5580308359542971
2,0.1388773787969603,0.30755083305848563,1.3600899442764376,0.6151016661169713,1.8498446565218831,0.5113858319180445
3,0.43531560755252185,0.12286297179823258,1.1307294685055498,0.2457259435964652,1.278549130946843,0.6504563224217579
4,0.42169580812493007,-0.29781822409590974,0.7424362845093959,-0.5956364481918195,0.5512116365561167,0.7314309814117568
5,0.25659362635796146,0.5770255972239893,1.780733925861399,1.1540511944479783,3.1710133147137505,0.633583309574823
6,0.5356433944207605,0.4674004957174829,1.5958404026972883,0.934800991434966,2.546706590881044,0.602887615407152
7,0.533727284937213,0.4893175081777551,1.6312025575599087,0.9786350163555102,2.6608217837899875,0.4987705265335083
8,0.5157734801397849,0.7494902030975894,2.1159210516116778,1.4989804061951788,4.477121896653468,0.5736204357631005
9,0.545526539107535,0.4720996604515338,1.6033571670636415,0.9441993209030676,2.570754205174346,0.6569098036672082
10,0.4574605072266593,0.1944645691366449,1.214660445654352,0.3889291382732898,1.4753999982372288,0.5750585832065367
11,0.27946282199873484,0.5934282785606793,1.8101836035537284,1.1868565571213583,3.2767646785747617,0.5428419930944202
12,0.3096265049549355,0.8883859190050872,2.431202325163451,1.7767718380101745,5.910744745880171,0.5563176663811334
13,0.41297959832355857,0.03358338733964261,1.0341536754546892,0.06716677467928522,1.0694738244564426,0.6143524369007848
14,0.343363795574994,0.04498903895818379,1.0460163944164405,0.08997807791636758,1.0941502973879704,0.7890866126181388
15,0.243027524324468,0.4297036870467741,1.5368020817116004,0.8594073740935483,2.3617606383531085,0.6243444319209113
16,0.25413905811698023,0.7605040968432668,2.1393543905178243,1.5210081936865336,4.576837208227891,0.658536780584399
17,0.374266185833477,0.07344968503136451,1.0762143856165416,0.14689937006272902,1.15823740380799,0.5016437133318311
18,0.41009011427773767,-0.13385761083376657,0.8747146056198642,-0.26771522166753314,0.7651256412847146,0.6153051277600352
19,0.2889077669195137,0.3017143496163989,1.3521749222528636,0.6034286992327978,1.8283770203695375,0.603393474376209
20,0.27040792362291693,0.6615808141960993,1.9378533003625409,1.3231616283921983,3.755275413725992,0.709708722041864
21,0.23102774995808145,0.8152287066453429,2.259692419928515,1.6304574132906855,5.106209832682388,0.5533377634007146
22,0.34950246712034366,1.1092771249769426,3.032165725149745,2.2185542499538853,9.19402898477288,0.5233880373632435
23,0.2781811413219066,0.16458659912430434,1.1789056573287493,0.3291731982486087,1.3898185488817305,0.6765501671278812
24,0.2590587859635681,1.0505516703355111,2.859228034343213,2.1011033406710227,8.175184952374156,0.5908721777762055
25,0.4770173442955122,-0.4518684947761748,0.6364378591252849,-0.9037369895523496,0.405053148527976,0.6038004807216522
26,0.337962890593828,0.1371941024925353,1.1470507723277543,0.2743882049850706,1.3157254742976985,0.5405841039168053
27,0.43097328771572857,0.4016722026657038,1.4943214178066966,0.8033444053314076,2.232996499715816,0.7178017282715294
28,0.345211991017994,0.5765971941799652,1.7799712174119389,1.1531943883599305,3.16829753481494,0.7267585079582406
29,0.6366926299872029,0.4729791741544868,1.604767961978589,0.9459583483089736,2.575280211792914,0.5600195360733639
30,0.3732315286977493,0.7291475140013863,2.073312384310001,1.4582950280027729,4.298624242933222,0.5689016677370812
31,0.27643688015114887,0.5026412977471265,1.6530817906587594,1.005282595494253,2.7326794066075704,0.5634273692479039
32,0.3789024265196663,0.4835974700297052,1.6218986514202267,0.9671949400594104,2.63055523547875,0.6549454426331538
33,0.2301340146710088,0.4104725028438709,1.507529929033279,0.8209450056877419,2.2726464869310834,0.5572794643564859
34,0.4252277549130449,0.34994704821329986,1.418992408420532,0.6998940964265997,2.0135394551551014,0.5994937016827255
35,0.8799862654351875,-0.0237220155990594,0.9765571396809776,-0.0474440311981188,0.9536638470618924,0.4529648398429
36,0.3632982159301799,0.3613139905967262,1.435214033847934,0.7226279811934524,2.059839322954059,0.7779544602379099
37,0.27433860086430195,0.3809208514043922,1.4636317564271386,0.7618417028087844,2.142217918421991,0.5504881826290179
38,0.23378555667950385,-0.3293315075165669,0.7194044892167979,-0.6586630150331338,0.5175428191052819,0.4875104175349735
39,0.6310975989255683,0.34028715347974564,1.4053510840825958,0.6805743069594913,1.9750116695321271,0.7095196989286673
40,0.15894138481797665,0.34477288907024967,1.411669277736227,0.6895457781404993,1.992810149704321,0.4793932190868514
41,0.5764845199145519,0.2307829044594897,1.2595857593134094,0.4615658089189794,1.5865562850651382,0.7105126456554175
42,0.3978093490171931,-0.08907503266096495,0.9147769328518748,-0.1781500653219299,0.8368168368778837,0.5231275181226851
43,0.21741824378597752,-0.005236699952117063,0.9947769876580184,-0.010473399904234126,0.9895812551739614,0.6647460173417148
44,0.5861460034992092,0.7422397948281372,2.100635241266945,1.4844795896562744,4.412668416852637,0.4823684401001416
45,0.2467341716795588,0.3979060217627428,1.4887041175442577,0.7958120435254855,2.2162399495932266,0.6385567588437804
46,0.2805422149659916,0.671936404965465,1.9580251817202212,1.34387280993093,3.833862612250506,0.569010875377744
47,0.4069880751549668,0.8422681878216968,2.321626895134736,1.6845363756433935,5.389951440212954,0.6701128714547976
48,0.3486492969090667,0.8365071352994229,2.3082903338561183,1.6730142705988458,5.32820426537359,0.6292536419362749
49,0.4383679821370412,0.025987986369243432,1.026328618466321,0.051975972738486864,1.053350433082987,0.7529905300371865
50,0.3079500912594916,0.957508218284379,2.60519679715416,1.915016436568758,6.787050351902293,0.4092607030850023
51,0.10698399293100964,0.24812186708410447,1.2816161094955971,0.49624373416820905,1.642539852118631,0.569998682999462
52,0.2414290070704159,0.1963354008809544,1.2169349979635582,0.3926708017619088,1.4809307892685657,0.6496869664155503
53,0.34452094625885515,0.07331143660394529,1.0760656109543325,0.14662287320789058,1.1579171990785209,0.5970170305216638
54,0.5491030345893126,0.33445612690804966,1.3971802897792596,0.6689122538160993,1.952112762147656,0.737875271704405
55,0.3283807053100292,0.43583668784780816,1.5462562516919598,0.8716733756956163,2.3909083958964694,0.6440921581716811
56,0.31417036782299224,0.2887706527321288,1.3347855639985542,0.5775413054642575,1.7816525018589384,0.6687952470507048
57,0.6557892822015536,0.6155334336220593,1.850643531785809,1.2310668672441183,3.4248814817406528,0.435410100169704
58,0.2505132188794379,0.5544784418435402,1.7410326981281388,1.1089568836870805,3.031194855951347,0.6199572296049104
59,0.5390978515799837,-0.2625379101806009,0.7690972072018726,-0.5250758203612018,0.5915105141257201,0.6631637800261317
60,0.34681635917860165,0.233671864640806,1.2632299137910723,0.467343729281612,1.5957498150966,0.6634138879337722
61,0.3658124422509291,0.4658170393589769,1.5933154586613938,0.9316340787179538,2.538654150809368,0.540565168711164
62,0.22562054749630972,0.45118613257721785,1.5701735153383845,0.9023722651544356,2.4654448682701,0.531975998581374
63,0.22757306054817628,0.451026352551026,1.5699226530149055,0.902052705102052,2.46465713644936,0.6515845374119746
64,0.3837579496177573,0.08025930587923757,1.0835680068035185,0.16051861175847515,1.1741196253681494,0.5620579604654595
65,0.1983973852885676,0.5189034649224408,1.6801842582359736,1.0378069298448815,2.823019141623969,0.5475876548609572
66,0.4529455711503759,0.21722242103368244,1.242620456329504,0.4344448420673649,1.5441055984885448,0.6423333335183486
67,0.3291635663743873,0.230911097159566,1.259747239362934,0.461822194319132,1.5869631070825336,0.5795824145307633
68,0.549325530265158,-0.3752993097250734,0.6870835972086758,-0.7505986194501468,0.4720838695532139,0.6278049435778827
69,0.5680632342315606,-0.19890951513399613,0.8196240535503454,-0.39781903026799226,0.6717835891582995,0.7127342595348001
70,0.34962273040959935,-0.08914680313986617,0.9147112812292688,-0.17829360627973234,0.8366967280080903,0.6078075145266302
71,0.21452550184287775,0.5648727946055594,1.7592239857070118,1.1297455892111188,3.0948690318868644,0.5372285937358247
72,0.32256646142770046,0.14360690785946462,1.1544302218741054,0.28721381571892923,1.3327091371762962,0.7295388726783067
73,0.3084239319139684,0.4450258826776399,1.5605305860200664,0.8900517653552797,2.435255709904132,0.6608671631960894
74,0.3250788923033164,-0.28961355201945216,0.748552788403976,-0.5792271040389043,0.5603312770273676,0.6451295649728072
75,0.4009007264332133,-0.04985953246002822,0.9513630507427774,-0.09971906492005644,0.9050916543186044,0.6279319338042266
76,0.4326527461494694,0.4947932744596989,1.640159141223511,0.9895865489193978,2.690122008539045,0.566492576294999
77,0.523627281537252,0.5294731318420836,1.6980374310446342,1.0589462636841671,2.883331117228661,0.616779399279794
78,0.4286423383089991,0.8434874921223262,2.324459391278872,1.6869749842446524,5.403111461704544,0.5830355184533874
79,0.24298460191783253,0.5790218713526839,1.7842923095005718,1.1580437427053678,3.1836990457428844,0.5603639660813037
80,0.48731745825195216,0.28915239681715443,1.3352952077629454,0.5783047936343089,1.7830132918746875,0.545135643601338
81,0.20408765624750527,0.07504600010745205,1.0779337348118174,0.1500920002149041,1.1619411366453536,0.49255284089928686
82,0.3028886582767824,-0.3910254321291884,0.6763629544705175,-0.7820508642583768,0.45746684618008737,0.5865583111218886
83,0.32523466821459257,0.26780956776748327,1.3070982026839868,0.5356191355349665,1.7085057114597086,0.4855727755696566
84,0.7712671107019013,0.32628177201938063,1.3858057951619716,0.6525635440387613,1.920457701904504,0.621532444965623
85,0.2490813111063176,0.5115042875381308,1.6677981568608395,1.0230085750762616,2.781550692028413,0.6742374162675906
86,0.23820843633772928,0.5067119061886166,1.6598245536136431,1.0134238123772332,2.7550175487787296,0.6563373814154035
87,0.3789994404753968,-0.5907128146322506,0.5539322929295865,-1.1814256292645011,0.3068409851502292,0.6852607380689653
88,0.439219683376009,0.3346637050497908,1.3974703439709026,0.6693274100995815,1.952923362278153,0.5230037641125623
89,0.41177391298894567,0.4772628253469301,1.611656972697753,0.95452565069386,2.597438197645286,0.595619428388328
90,0.4903029296074634,0.5422625162879412,1.7198937510774095,1.0845250325758824,2.958034514995122,0.6660605521510492
91,0.3516986610871869,0.32284405166041835,1.3810499616628684,0.6456881033208367,1.9072989966090104,0.6631068002423274
92,0.68323663230875,0.6973593274165102,2.008442060831416,1.3947186548330204,4.033839511716745,0.5931800608356949
93,0.31235986906799945,-0.017580145375557465,0.9825734837884448,-0.03516029075111493,0.9654506510441614,0.7756239332985189
94,0.38774236046724336,0.14055507469254366,1.1509124639694912,0.2811101493850873,1.3245994997203254,0.6411989955595736
95,0.5456145046967321,0.1788651685789181,1.195859493862352,0.3577303371578362,1.430079929060721,0.51363045748207
96,0.4417238543335784,0.3320586673205344,1.3938346186562205,0.6641173346410688,1.942774944164531,0.579710066919104
97,0.4792611144425761,0.5824760880450405,1.7904662987897195,1.164952176090081,3.205769567101758,0.5354666985514441
98,0.315344871658378,0.8832864333647273,2.4188360015608765,1.766572866729455,5.850767602447009,0.6600249349036829
99,0.15938643916547027,0.3716052015549736,1.450060386685008,0.7432104031099472,2.1026751250330755,0.5945365318867317
100,0.22838792522590887,0.6171710095038839,1.853676583747887,1.234342019007768,3.436116877135237,0.6908266120084636
101,0.3934054136453985,0.26842897136782273,1.3079080748096887,0.5368579427356455,1.7106235321523864,0.800851845202339
102,0.4215421312806191,0.7532767525931541,2.123948279559112,1.5065535051863082,4.511156294242111,0.6713635102037776
103,0.32853358334791977,0.7495655347233485,2.116080453388396,1.499131069446697,4.477796485212439,0.6923272129280401
104,0.3453683501243729,0.8130603098694837,2.254797818807199,1.6261206197389677,5.084113203697702,0.5368896066101289
105,0.4278796042653761,0.19241498490055864,1.2121734462807117,0.3848299698011173,1.4693644638680574,0.5317205432699502
106,0.1577961683647278,0.7948675374569992,2.2141476857451057,1.5897350749139985,4.902449974290407,0.5682885209972334
107,0.4608164142616016,0.22830396940802,1.2564671949805284,0.45660793881604,1.5787098120622371,0.6377477034912115
108,0.3510940350947378,0.3932236019560096,1.4817496744154033,0.7864472039120193,2.1955820976301537,0.5879231085153471
109,0.24233620833437647,-0.07251538853182998,0.9300514344240544,-0.14503077706365997,0.8649956706742413,0.6316375148326289
110,0.3996345981934888,0.026269185528965955,1.0266172617926614,0.05253837105793191,1.053943002210662,0.7374924739497845
111,0.23628808503558107,0.4290337342440173,1.5357728416593006,0.8580674684880345,2.3585982211782834,0.5378003669826472
112,0.32515001655008563,0.1489558973701921,1.1606218016066767,0.2979117947403842,1.347042966364728,0.5398983886459409
113,0.3951252069065364,0.24886939191025384,1.2825745075235688,0.4977387838205077,1.6449973673493252,0.5113572440176305
114,0.4089651863503899,0.6165290323536611,1.8524869476376755,1.2330580647073222,3.4317078911679517,0.7277759725369323
115,0.31137052918611763,-0.4712205977976437,0.6242398572837627,-0.9424411955952874,0.38967539942165247,0.5436935100727488
116,0.4012287141873877,0.03928694020079421,1.040068878410195,0.07857388040158841,1.0817432718374411,0.6113777717597708
117,0.2148416043043391,0.8021098003568384,2.230241332250764,1.6042196007136769,4.973976400079663,0.6081019724496619
118,0.4077222320095781,0.4450479530366869,1.5605650278704744,0.8900959060733739,2.4353632062123745,0.6719981651159717
119,0.3441119183726564,0.4298171859707063,1.5369765169930925,0.8596343719414126,2.362296813788218,0.6032559181723453
120,0.06153422873418346,0.8772239998473215,2.404216329284014,1.754447999694643,5.7802561579959,0.6491872930825116
121,0.3624486249265643,0.7215032942002484,2.0575239507380134,1.4430065884004968,4.233404807860564,0.8138903399654361
122,0.5226243514393922,0.30397055813139323,1.355229155023579,0.6079411162627865,1.836646062625925,0.6951354889713861
123,0.6953370159324916,0.7219591875524974,2.058462176078346,1.443918375104995,4.2372665303452,0.7235954438485281
124,0.5034599853497187,0.4713872358970259,1.6022153028425297,0.9427744717940518,2.567093876662779,0.5579378957043915
125,0.2947449866183114,0.2184829551211212,1.2441878094159156,0.4369659102422424,1.5480033050991746,0.6586390937304271
126,0.4153429623225748,0.04452175059759278,1.0455277173157953,0.08904350119518556,1.0931282076755775,0.647508862526167
127,0.4401451286087915,0.7278204971291566,2.070562888511759,1.4556409942583133,4.287230675282159,0.5153747724256985
128,0.4137282755364688,0.17640870432100655,1.1929255128433047,0.3528174086420131,1.4230712791924616,0.710286333921832
129,0.2486011664766281,0.3293226814683951,1.3900263189620197,0.6586453629367902,1.9321731674071023,0.5510343394867238
130,0.31455959450400217,0.9668758020485766,2.6297158592590635,1.9337516040971527,6.915405500438634,0.5896831764761693
131,0.35753434546124435,0.39261326131399255,1.4808455782991798,0.7852265226279851,2.1929036267682323,0.5178132346474903
132,0.39544392597114986,0.16386277466134055,1.178052645327168,0.3277255493226811,1.3878080351623383,0.5558416280770909
133,0.1504246766654488,-0.015374832305690587,0.98474275701848,-0.030749664611381174,0.9697182975003574,0.5362164401222358
134,0.4161780587525308,0.3379561594003513,1.4020790340722955,0.6759123188007026,1.9658256177851008,0.6509842792274543
135,0.40160078157580864,0.7046410015938512,2.0231202575891003,1.4092820031877025,4.093015576667388,0.593860604918087
136,0.4270960603578695,0.3856735992455389,1.4706045860225945,0.7713471984910777,2.1626778484306866,0.6002313438792841
137,0.29643181935891627,0.2773440869056922,1.3196203570104972,0.5546881738113844,1.741397886636512,0.6100968317324406
138,0.6473203434481104,0.5022505531196501,1.652435984011236,1.0045011062393,2.730544681255182,0.4984184863737618
139,0.5169879793923531,0.28568765112528743,1.3306767549468963,0.5713753022505749,1.7707006261560023,0.6550074293583696
140,0.3605226290996045,0.21526679037306065,1.2401927243129105,0.4305335807461213,1.5380779934386788,0.5873329291300262
141,0.328337949674116,0.25301469302046126,1.2879021998689866,0.5060293860409225,1.6586920764273752,0.5546294003859971
142,0.3859830819125432,0.3143356883163244,1.3693493339746985,0.6286713766326488,1.8751175984569504,0.5703799686937431
143,0.6042068581634359,0.6349547821182926,1.886936816243893,1.2699095642365852,3.5605305484966405,0.6516993494240056
144,0.22987070789727035,0.4079269006110901,1.5036972378033064,0.8158538012221801,2.2611053829772936,0.5095640481604569
145,0.23036442438504184,-0.056399678375286144,0.94516129985627,-0.11279935675057227,0.8933298827459939,0.6371314038055521
146,0.5897959276979485,0.9047826082446492,2.47139460384411,1.8095652164892984,6.107791287909785,0.7309296977005594
147,0.24744953935437408,0.598429438362172,1.8192592966043115,1.196858876724344,3.3097043882812143,0.6737996896127947
148,0.513087318054338,0.3708736445467321,1.4489999727706628,0.7417472890934641,2.099600921089382,0.5527040471405988
149,0.1815002981326464,0.6242444633108624,1.8668349621635167,1.2484889266217247,3.485072775956059,0.6474232320392939
150,0.2502822896882506,0.3665574067658138,1.4427592223138068,0.7331148135316277,2.081554173571541,0.740320594366523
151,0.22549403640089,0.3002243220681815,1.3501616446607223,0.600448644136363,1.8229364667129464,0.4985716906044108
152,0.571662165790743,0.2112662370213096,1.235241178218891,0.4225324740426192,1.5258207683675942,0.6379004728405028
153,0.39003010896140994,0.3596431420573272,1.4328180108289568,0.7192862841146545,2.0529674521558485,0.6273571212939818
154,0.29965674403265874,0.04375122140344029,1.0447224179794754,0.08750244280688058,1.0914449306288818,0.5992383685028257
155,0.32324794189242284,0.3621506523314066,1.4364153249782157,0.7243013046628133,2.0632889858322727,0.6304634198969982
156,0.40775035987762587,0.511174237697967,1.6672477911747916,1.022348475395934,2.7797151971772216,0.5437533234249453
157,0.4261169064205457,0.22746202707154828,1.2554097672637323,0.45492405414309656,1.5760536837411785,0.7216185253576319
158,0.4376187296298271,0.544729606680428,1.724142122830537,1.089459213360856,2.9726660597185903,0.5749510204178858
159,0.3217721821631281,0.5961094555195485,1.815043538384156,1.192218911039097,3.294383046230077,0.5422463183466462
160,0.5340347293273272,0.5273491828613529,1.6944347135221989,1.0546983657227058,2.8711089983890554,0.6567551958875495
161,0.3370276045064775,0.8116826773776755,2.25169367474535,1.623365354755351,5.070124404888219,0.626936919882229
162,0.6404165412413789,0.36025602024942466,1.4336964228933415,0.7205120404988493,2.055485433017163,0.621628575739703
163,0.27163092211135526,0.3088764839053907,1.3618941442683408,0.6177529678107814,1.854755660192396,0.5794122459980258
164,0.449915946339753,-0.111650673575036,0.8943566253405834,-0.223301347150072,0.7998737732905966,0.5121160661112333
165,0.3687678838701092,0.90804638592822,2.479473863681559,1.81609277185644,6.147790640679959,0.537602783356934
166,0.32340903603060633,0.32670094943430905,1.3863868154195578,0.6534018988686181,1.922068401969183,0.5827927298483098
167,0.38312100808414096,0.17601573919417826,1.1924568268125175,0.3520314783883565,1.4219532838117783,0.7196495048401673
168,0.493265386230148,0.7764894605728564,2.1738275474939828,1.5529789211457128,4.725526206243704,0.5469422228071285
169,0.4054960578141813,-0.5357155073620623,0.5852503893371387,-1.0714310147241246,0.3425180182192724,0.6192026654891286
170,0.2964267654322401,0.17095068605957264,1.1864322399302656,0.3419013721191453,1.4076214599459471,0.5697675399793604
171,0.38021868892700494,0.5256342883851908,1.691531426918356,1.0512685767703815,2.861278568252449,0.42857814298272245
172,0.248736278324431,-0.004477916007511851,0.9955320949101162,-0.008955832015023701,0.9910841519961244,0.6198235067182398
173,0.4774231772074853,0.7702537123626253,2.160314282701797,1.5405074247252506,4.66695780004538,0.522919176746975
174,0.3745118615883049,0.3676865093454093,1.4443891654868128,0.7353730186908186,2.0862600613756914,0.6269834534657254
175,0.26171169449596016,1.1314101803841452,3.1000250136693546,2.2628203607682904,9.610155085375682,0.4821618180356944
176,0.49304014916574224,0.4039071105816401,1.4976648232823475,0.8078142211632802,2.2429999228973454,0.6650335091195049
177,0.4303845350179079,-0.02430485568735996,0.9759881288687192,-0.04860971137471992,0.952552827692664,0.6265293794996404
178,0.4883185117082828,0.5688777862292977,1.766283790827656,1.1377555724585957,3.1197584297405143,0.6872078192660153
179,0.3248273500079368,-0.1926460495255465,0.8247738515770646,-0.3852920990510931,0.6802519062452658,0.6367012093732075
180,0.5370359555667601,0.6942597017011032,2.0022262804447237,1.3885194034022064,4.008910078103511,0.5797888056454398
181,0.5987615167174606,0.5718573431139097,1.7715543819706052,1.1437146862278194,3.138404928279253,0.48797702971865337
182,0.39711733869697663,0.8088519727712717,2.2453288078671143,1.6177039455425437,5.041501455437957,0.5835901285435773
183,0.2257171711762402,0.4259421513297997,1.5310322043943645,0.8518843026595994,2.3440596108926663,0.5023609649262458
184,0.18583790693127067,0.34652675165328023,1.4141473241032505,0.6930535033065605,1.999812654268384,0.5226470522612795
185,0.06927019367663306,1.4720534178520297,4.358175113752532,2.9441068357040594,18.993690322131894,0.5985454017250964
186,0.23696661136195088,1.0004328558912254,2.7194587074536325,2.000865711782451,7.395455661545381,0.6260858994959391
187,0.4861145383746101,0.8552108397696832,2.3518701960747173,1.7104216795393663,5.531293419184529,0.7410105149382038
188,0.17085955883875462,0.765981758077435,2.15110520323286,1.53196351615487,4.6272535953754845,0.5431665988717829
189,0.4271511799085646,0.03356944267223794,1.0341392546261867,0.06713888534447587,1.069443997958805,0.5661159371069843
190,0.5501813441848012,0.3483009040014567,1.4166584638125064,0.6966018080029134,2.0069212030916104,0.6153094666128929
191,0.5343573762218277,0.9009748779273934,2.462002093107444,1.8019497558547868,6.061454306465436,0.5620833313597126
192,0.3004873521793474,0.512479541164478,1.6694254764570209,1.024959082328956,2.7869814214437505,0.5258934637690543
193,0.6076990804667806,-0.4695815483999792,0.6252638562090064,-0.9391630967999584,0.390954889881357,0.6267528691347183
194,0.22769532455458383,0.4983157035892704,1.6459466726602818,0.9966314071785408,2.709140449241453,0.5298634241761658
195,0.2636310860246143,0.007867117947799096,1.0078981450314068,0.015734235895598192,1.0158586707577508,0.5152984244343342
196,0.6689022823212321,0.517510136075572,1.677844839209398,1.035020272151144,2.815163304461611,0.7721925154723112
197,0.2087171174904077,0.8210029219841257,2.272778114010236,1.6420058439682514,5.165520355523926,0.6369550003156245
198,0.4508284814366405,0.8119054705854382,2.252195392689645,1.6238109411708763,5.072384086852465,0.3848138877752524
199,0.2938017841919462,0.5669982403273133,1.7629670972821498,1.1339964806546263,3.108052986099449,0.5128445196910429
200,0.4006055830552663,-0.19946349180350156,0.8191701266909668,-0.3989269836070031,0.6710396964628945,0.6983567439085308
201,0.444706973684889,1.238538693128074,3.450567440852553,2.477077386256148,11.906415663871735,0.6131187938164193
202,0.4145534603484327,0.05235182975017438,1.0537464166409622,0.10470365950034877,1.1103815105836683,0.6715031016570441
203,0.4179189404120368,-0.1528601371949827,0.8582497506349434,-0.3057202743899654,0.7365926344649425,0.7961937790171877
204,0.2541600028265587,0.5227022609320023,1.6865790741017672,1.045404521864005,2.8445489731979743,0.4737253050845596
205,0.40278524234787566,0.3374635889836555,1.4013885814804627,0.674927177967311,1.963889956303824,0.5034394371184733
206,0.6927669458515395,0.06829386346070432,1.0706798959531598,0.13658772692140864,1.1463554395982691,0.6763846702308641
207,0.2368800335320202,0.4500597987552316,1.5684059714107883,0.9001195975104631,2.4598972911570183,0.5786345668619252
208,0.23173784223586272,0.729078242919784,2.0731687686929026,1.458156485839568,4.298028743483646,0.6909278846108157
209,0.3661092867060178,0.8271947892190381,2.2868945126788507,1.6543895784380762,5.229886512120638,0.42704701558186486
210,0.46858391646086095,0.6104037790212691,1.8411746764204109,1.2208075580425382,3.389924189091804,0.6901823733438125
211,0.3286164827416382,0.4169081192219091,1.5172630992163378,0.8338162384438182,2.3020873122435668,0.5151555498973618
212,0.3030890993973696,0.3873168284042888,1.473023112912082,0.7746336568085775,2.1697970911732,0.528875758797635
213,0.29497791968723536,0.3717658201847624,1.4502933121030084,0.7435316403695248,2.1033506911307143,0.4621651301574928
214,0.5167703534808998,0.7725147970326938,2.1652044626810145,1.5450295940653875,4.688110365213781,0.5502366935618429
215,0.4717773796926162,0.22782971032818525,1.2558714452858115,0.4556594206563705,1.5772130870842735,0.5306807450709456
216,0.5523075394427224,0.27483147727482427,1.316308828224141,0.5496629545496485,1.7326689312608117,0.6295625097309535
217,0.22430290113206097,0.5074090496075185,1.6609820928162642,1.014818099215037,2.758861512656297,0.5598138959713882
218,0.4786622961196547,0.11905717845090869,1.1264343242167287,0.23811435690181737,1.2688542867735983,0.5903645963021638
219,0.599117149741568,0.6195728845636965,1.858134234520441,1.239145769127393,3.452662833496865,0.5053889290718713
220,0.1391719834857474,0.5086627164291875,1.6630657167696246,1.017325432858375,2.765787578294465,0.5294401477541297
221,0.4510414429838645,-0.2168766529673154,0.8050292611517856,-0.4337533059346308,0.6480721113105898,0.6613455122266696
222,0.18325854338876127,0.6063948610353462,1.8338083335427413,1.2127897220706925,3.3628530041708067,0.5933415145686209
223,0.2004945006571567,0.2894254731280194,1.3356598950436591,0.5788509462560388,1.783987355228039,0.7266148288966678
224,0.28322144640599534,-0.1022700865544664,0.9027856884622544,-0.2045401731089328,0.8150219992922664,0.6566933341831754
225,0.3643822001263684,0.5945635569029217,1.8122398327697244,1.1891271138058437,3.2842132114772387,0.565249419634674
226,0.3241410017197106,0.8324788442279154,2.299010571853663,1.6649576884558308,5.285449609494907,0.5909104448631725
227,0.3979188185623447,-0.6089112962910606,0.5439427393081152,-1.2178225925821211,0.2958737036460162,0.3860767582447584
228,0.2623673947079764,0.07730174152781705,1.0803680191115916,0.1546034830556341,1.1671950567191045,0.5839418035499543
229,0.4378086900923674,0.6468713287220005,1.9095570968867668,1.293742657444001,3.646408306270617,0.5796992233074598
230,0.2439696578036697,-0.1989591614097702,0.8195833632786204,-0.3979183228195404,0.671716889363095,0.6085530794009257
231,0.4113755285683463,0.7528947351067257,2.12313704913802,1.505789470213451,4.5077109294224975,0.73120923598829
232,0.2911377704548383,-0.7432418505830666,0.475569687925812,-1.4864837011661332,0.2261665280738542,0.49757857629402985
233,0.3452051208606084,0.28642496458793687,1.331658242620327,0.5728499291758737,1.7733136751386576,0.4945557268323275
234,0.5583832483846706,0.40054816335601856,1.492642685449109,0.8010963267120371,2.227982186424728,0.6805083198494837
235,0.2609835243215735,0.2296351933410817,1.2581409480044556,0.4592703866821634,1.5829186450455504,0.616719374053828
236,0.14140300918571555,-0.303437357833706,0.7382761348997294,-0.6068747156674119,0.5450516513624835,0.6531564934834208
237,0.4338825490115661,0.39233223434922615,1.4804294792312902,0.7846644686984523,2.191671442977029,0.5697078157392238
238,0.12963680258257074,-0.5212151496430198,0.5937985552919736,-1.0424302992860397,0.35259672426683497,0.5850809684699162
239,0.4346147122723961,0.25161274822987434,1.2860978971510149,0.5032254964597487,1.6540478010562625,0.6391401146065233
240,0.26747974647942463,0.8827742433913095,2.4175974152363606,1.765548486782619,5.844777262157532,0.673430983953956
241,0.3578317299824085,0.9117294958894628,2.4886228766354765,1.8234589917789257,6.193243822113434,0.6417854964920036
242,0.1642027065976248,0.08918079614256441,1.0932782989584802,0.17836159228512882,1.195257438973548,0.539916331422517
243,0.658354936025623,-0.04760662551530315,0.9535087993451364,-0.0952132510306063,0.9091790304286036,0.6916826607326878
244,0.4718680920618338,0.5818281231394868,1.789306515253621,1.1636562462789737,3.2016178055290565,0.696974512369911
245,0.19982117495071045,0.16440807866709412,1.178695217336276,0.32881615733418823,1.3893224153714112,0.5267357354603471
246,0.4550419441475594,0.08128666500954163,1.0846817923195091,0.16257333001908325,1.1765345905894633,0.6683384441882773
247,0.41006215599669554,0.7305938989991022,2.0763133619996226,1.4611877979982044,4.311077177218176,0.5487712584382691
248,0.5003855220682666,-0.10827820091885448,0.8973779103413789,-0.21655640183770897,0.8052871139686599,0.8641446766778658
249,0.28480685398495365,0.6135037096160345,1.846891045726552,1.227007419232069,3.411006534784916,0.7259336593482498
250,0.3306770528539846,0.4044340410115268,1.4984541964056008,0.8088680820230536,2.245364978725555,0.6831152737086535
251,0.15296917532177878,0.5309774911809949,1.7005938118874333,1.0619549823619898,2.892019313029831,0.5201225926134275
252,0.19641025138729024,-0.1378750770989413,0.8712075187188287,-0.2757501541978826,0.7590025406722183,0.5110582757000577
253,0.4047833038995633,0.13619728973161457,1.1459079471664555,0.2723945794632291,1.3131050233792407,0.58717489057904
254,0.3822176691005066,0.3514767078891642,1.4211646448557305,0.7029534157783284,2.0197089477879144,0.5601265592333795
255,0.2932818006141503,-0.29499351698184895,0.7445364142933512,-0.5899870339636979,0.5543344722088006,0.7154021343029145
256,0.23719420915260755,0.5345253152991402,1.7066379350315397,1.0690506305982803,2.912613041288717,0.5425632357548871
257,0.3386922402253492,0.605101562101604,1.83143820415355,1.210203124203208,3.35416589563318,0.6960649321446427
258,0.5231677219862891,0.3397424525267956,1.4045857964532389,0.6794849050535912,1.9728612595981796,0.5962825230240054
259,0.19576301432480575,0.8061723993658603,2.239320338170077,1.6123447987317203,5.014555576942148,0.6602288249577468
260,0.29522158342338534,0.6413718017357755,1.8990842603200824,1.282743603471551,3.606521027795474,0.534658664256611
261,0.06497634509251221,0.9493940346731852,2.584143283549722,1.89878806934637,6.677796509915139,0.5236468840705105
262,0.4147573020927627,-0.1884533227750096,0.8282391624421187,-0.3769066455500192,0.6859801102028223,0.6663918682162566
263,0.35005942685708663,0.8002623492801162,2.2261248741484385,1.6005246985602324,4.955631955302401,0.6025581291245863
264,0.25940953702692976,0.3516012896890309,1.4213417071342331,0.7032025793780619,2.020212248439256,0.5188616683014604
265,0.26553086601912335,0.189617202232102,1.2087867881973022,0.379234404464204,1.4611654993203496,0.57522441933702
266,0.5092699879222086,0.1245467881145838,1.1326350130772966,0.2490935762291676,1.282862072848608,0.5131142295889853
267,0.29338808150259377,-0.1721733339082936,0.8418332422754642,-0.3443466678165872,0.7086832078000204,0.7271449258031245
268,0.3558485759412654,0.7368262990725868,2.089294186377314,1.4736525981451736,4.365150197230042,0.5694929140402609
269,0.5446083995515294,0.4256198225689444,1.5305387882064785,0.8512396451378887,2.342548982204556,0.5101122194548029
270,0.2214852187382528,0.8229063725459576,2.2771083546803697,1.645812745091915,5.18522245895514,0.5529919256514293
271,0.17255515093870155,0.3210921116373654,1.3786325631481091,0.6421842232747308,1.9006277441723256,0.5029111995347944
272,0.4822031970616522,0.6006171326881933,1.8232436365148723,1.2012342653763866,3.324217358091976,0.5096002682208124
273,0.4795587439781327,0.30717467685769795,1.35957843422014,0.6143493537153959,1.848453518796488,0.4672734818976838
274,0.5537012919438684,0.40072512110284864,1.4929068435072663,0.8014502422056973,2.22877084339083,0.6815612724792756
275,0.35246922531196434,0.09950666195414148,1.1046258296820617,0.19901332390828297,1.220198223600783,0.5787294164340993
276,0.07010754835482347,0.6760670313303001,1.9661297791673584,1.3521340626606002,3.865666308528685,0.6349896266942145
277,0.1872329780990148,0.8887908545778411,2.432187004821927,1.7775817091556825,5.915533626424657,0.5644952120217204
278,0.4002259819964901,0.4952623275129243,1.6409286433310255,0.9905246550258486,2.6926468125042007,0.6202495506685544
279,0.3085821934541387,0.14832210155007583,1.1598864374200726,0.29664420310015166,1.345336547711028,0.5437672021791307
280,0.5500837354513501,0.7613846547840704,2.141239045666839,1.5227693095681407,4.584904650688235,0.684023316077421
281,0.16145186202168407,0.3952381356444157,1.4847377177987842,0.7904762712888314,2.204446090654342,0.5392353952767994
282,0.32940484020417554,0.33760369072294105,1.4015849322123617,0.6752073814458821,1.96444032220473,0.578368109998481
283,0.44176083918603193,0.304108799349656,1.355416516503236,0.6082175986993119,1.8371539332097675,0.6945769146682937
284,0.1953127819293648,0.8581081021391384,2.3586940615826566,1.7162162042782767,5.563437676145289,0.6070028424461688
285,0.49460305609997135,0.5182511969383882,1.6790886851794744,1.0365023938767763,2.819338812697736,0.5709925977730383
286,0.3917702090049152,0.9550161917893374,2.598712660386812,1.9100323835786748,6.753307491254699,0.8090937768016184
287,0.3873358873751484,0.6739156837012795,1.961904497183444,1.347831367402559,3.8490692560686206,0.5984312623149123
288,0.19995033766990788,0.6196023341485251,1.8581889566079708,1.23920466829705,3.452866198459819,0.6405641942750584
289,0.3992968878684628,0.07103071225103957,1.0736141984708063,0.14206142450207915,1.1526474471581123,0.5275507553805038
290,0.635345387283836,0.1911611454110765,1.2106545277846517,0.382322290822153,1.465684385645478,0.5388914198347219
291,0.370961095990256,0.2032148298297052,1.2253356786289378,0.4064296596594104,1.5014475253210395,0.5582133018655921
292,0.2768382737729176,0.6434685393223307,1.9030703190680016,1.2869370786446614,3.6216766393175854,0.5240109059653133
293,0.3366635568707857,0.726668092646881,2.0681781369213352,1.453336185293762,4.277360806039405,0.637994321013315
294,0.28550778468805055,0.10873859634023549,1.1148708809190837,0.21747719268047092,1.2429370811212932,0.6268905107514458
295,0.149981776543838,0.8094612822539649,2.2466973248843702,1.6189225645079297,5.047648869642585,0.6520523457126036
296,0.2987435771663507,0.05927160968614448,1.06106339670157,0.11854321937228895,1.125855531819873,0.5646275425506248
297,0.4536304864196994,0.4829491977466397,1.620847560212029,0.9658983954932792,2.627146813445287,0.5283375865264356
298,0.16942952088839358,-0.996996655003646,0.36898597086380464,-1.993993310007292,0.1361506466943045,0.5023848331975037
299,0.4816661489338983,0.6715638743100089,1.9572958931654811,1.3431277486200175,3.8310072134024593,0.68011009645274
300,0.32930691105658216,0.6687455377455,1.9517873407058293,1.337491075491,3.8094738233395327,0.6301491355680332
301,0.5319377147151256,0.657530673652228,1.9300205946292668,1.315061347304456,3.7249794956931086,0.6136192963836364
302,0.2659131683104465,-0.2113254438072557,0.8095105738043542,-0.4226508876145114,0.6553073691010548,0.6392052619231632
303,0.3647809245002592,0.298957418818059,1.348452203561797,0.597914837636118,1.818323345290666,0.740306788954218
304,0.2337029927768491,0.157211605733009,1.1702432178766968,0.314423211466018,1.369469188986406,0.5988903620766922
305,0.2706803078805091,0.4132473655706207,1.511718926901945,0.8264947311412414,2.285294113953569,0.583256565079202
306,0.3554992688242278,-0.197120473551747,0.8210917075194919,-0.394240947103494,0.6741915921572749,0.5845310259590678
307,0.37143589835421176,0.4468577115844885,1.563391830913013,0.893715423168977,2.444194016965543,0.6495796006736108
308,0.4073719973146441,0.3807216588565355,1.463340240923274,0.761443317713071,2.1413646607053853,0.5257776445757476
309,0.25918735579699664,0.02089997793301379,1.0211199120052656,0.04179995586602758,1.0426858746936414,0.5661291381239538
310,0.5342856840338817,0.693507737047203,2.0007212429911214,1.387015474094406,4.002885492155938,0.8133161127079943
311,0.6164014988714834,0.4089815429326611,1.5052839371021691,0.8179630858653222,2.265879731297808,0.7171794905033134
312,0.27880546680148144,0.6781861283178656,1.9703006165031849,1.3563722566357312,3.8820845193928295,0.6491043244656463
313,0.41734052893333934,0.4831673828648293,1.6212012436113452,0.9663347657296584,2.6282934722869724,0.7947225139099481
314,0.6274464604180292,0.2087839650922325,1.2321787761463685,0.4175679301844649,1.518264536385562,0.5900722085920905
315,0.4075659983678549,0.4867712844747406,1.6270544342095423,0.9735425689494812,2.6473061318809337,0.6415460996997118
316,0.46387502522470064,0.8854631893233539,2.424106951945279,1.7709263786467078,5.876294514469432,0.5662586661868698
317,0.25992642467080995,0.5814482863292979,1.788626999835071,1.1628965726585958,3.1991865445390077,0.5858029331979985
318,0.31638312034230004,0.36419387147704135,1.4393532366478945,0.7283877429540827,2.07173773984877,0.7407584209364537
319,0.1839301841095352,0.9337873979618624,2.544126573467908,1.8675747959237248,6.47258002182556,0.6248828763786982
320,0.30256671311405453,-0.04610315386516983,0.9549434510019076,-0.09220630773033966,0.9119169946114328,0.6217504726672668
321,0.2824506770271201,0.7856412704360993,2.1938133173738925,1.5712825408721989,4.812816871487043,0.5902502616826394
322,0.6033949682827726,0.6300721220753382,1.8777460013193976,1.2601442441506765,3.525930045470988,0.6469273975332654
323,0.3563374358132381,0.4989460247954328,1.6469844747922573,0.9978920495908656,2.7125578602067275,0.6849561719672848
324,0.36289255081081584,0.5900226332023821,1.8040292458948184,1.1800452664047645,3.254521520043827,0.6171814250061743
325,0.30976129296347377,0.4946253526168449,1.6398837458010436,0.98925070523369,2.6892186997424616,0.5274889666418544
326,0.4955178151823121,0.3202467041541396,1.3774675493876682,0.6404934083082792,1.897416849616068,0.6095464220217781
327,0.5362136466438466,1.0716347523273502,2.920149321075519,2.1432695046547003,8.527272057377814,0.5999505887066898
328,0.2544615517297896,0.09050478911566096,1.0947267504021172,0.1810095782313219,1.1984266580459797,0.603980871516512
329,0.5098711314805007,0.2737776809720768,1.314922437462711,0.5475553619441536,1.7290210165428774,0.6274368120987535
330,0.22481725889234255,0.24593157424602863,1.2788120668680545,0.4918631484920573,1.6353603023673449,0.6375203641104165
331,0.324176304719342,0.8607005578130443,2.364816804426169,1.7214011156260889,5.5923585184964,0.6573767049657824
332,0.34273735738184186,0.7295069440987347,2.074057729123783,1.4590138881974697,4.301715463738104,0.6416702535169724
